iso3,year,value
ABW,1990,33146.6705478771
ABW,1991,34079.2304630075
ABW,1992,34458.142297503
ABW,1993,34627.74347531
ABW,1994,35580.5339781279
ABW,1995,35476.4099870864
ABW,1996,34506.5330803752
ABW,1997,35534.2745034868
ABW,1998,35361.1658888898
ABW,1999,35316.6229395578
ABW,2000,37618.9926155094
ABW,2001,38827.4672740448
ABW,2002,38195.3176084346
ABW,2003,38182.3925262649
ABW,2004,40101.7876131851
ABW,2005,38926.4750002706
ABW,2006,38664.3995098654
ABW,2007,39562.4488484876
ABW,2008,39982.5119922148
ABW,2009,35074.6841221014
ABW,2010,34037.5423205595
ABW,2011,34926.1008924322
ABW,2012,34058.3102329903
ABW,2013,35711.9290506967
ABW,2014,35837.3240929711
ABW,2015,36753.4041726178
ABW,2016,36926.1130685729
ABW,2017,38213.2892388309
ABW,2018,39378.2284109047
ABW,2019,39754.5600722149
ABW,2020,30408.8270901983
ABW,2021,35207.1709088639
ABW,2022,39083.4616398507
ABW,2023,42783.2489072067
ABW,2024,45428.0027283518
AFE,1990,3520.01923283181
AFE,1991,3425.13642950575
AFE,1992,3252.31688807554
AFE,1993,3127.87771409203
AFE,1994,3099.43016512431
AFE,1995,3155.04482771421
AFE,1996,3247.12512375102
AFE,1997,3291.6166582364
AFE,1998,3269.45779459289
AFE,1999,3268.36525112817
AFE,2000,3282.34890610805
AFE,2001,3313.89288261021
AFE,2002,3350.69383885552
AFE,2003,3357.78391588863
AFE,2004,3457.68872066042
AFE,2005,3578.21297897429
AFE,2006,3718.69348523405
AFE,2007,3867.50878828538
AFE,2008,3935.02291750962
AFE,2009,3870.96186560735
AFE,2010,3978.12957148745
AFE,2011,4033.18732362122
AFE,2012,4051.44571135342
AFE,2013,4126.33539547848
AFE,2014,4186.24851129339
AFE,2015,4207.36357863407
AFE,2016,4210.93569503277
AFE,2017,4223.1880503424
AFE,2018,4229.83963374442
AFE,2019,4200.53104400094
AFE,2020,3978.13350151887
AFE,2021,4049.96951303993
AFE,2022,4098.12619221564
AFE,2023,4076.22489796629
AFE,2024,4099.88981217493
AFE,2025,4164.67917723425
AFG,2000,1617.82647494969
AFG,2001,1454.11078195559
AFG,2002,1774.30874287341
AFG,2003,1815.92819979586
AFG,2004,1776.91820712187
AFG,2005,1908.11478234587
AFG,2006,1929.72389709372
AFG,2007,2155.35306784413
AFG,2008,2191.50435559062
AFG,2009,2565.02208584099
AFG,2010,2848.58606111495
AFG,2011,2757.05258747725
AFG,2012,2985.31914452845
AFG,2013,3046.57993117128
AFG,2014,3017.94254424696
AFG,2015,2967.692067153
AFG,2016,2958.7853992308
AFG,2017,2952.99891598909
AFG,2018,2902.39211285546
AFG,2019,2927.2451435353
AFG,2020,2769.68574507111
AFG,2021,2144.16657002819
AFG,2022,1981.71016810561
AFG,2023,1983.81261992909
AFG,2024,1964.45228895456
AFW,1990,4165.72636252068
AFW,1991,4101.37888894377
AFW,1992,4090.01941740886
AFW,1993,3928.31233108379
AFW,1994,3812.2754133601
AFW,1995,3774.10449511756
AFW,1996,3841.15001765706
AFW,1997,3894.84261146833
AFW,1998,3922.4342238425
AFW,1999,3874.21131764426
AFW,2000,3915.43484958221
AFW,2001,4010.5626021227
AFW,2002,4299.84975097232
AFW,2003,4423.57041270062
AFW,2004,4648.60628015945
AFW,2005,4782.44213997441
AFW,2006,4899.65713639306
AFW,2007,5023.69882254656
AFW,2008,5188.67101371784
AFW,2009,5362.1536063345
AFW,2010,5582.43094395132
AFW,2011,5698.38949989214
AFW,2012,5823.41894631103
AFW,2013,6009.65186054619
AFW,2014,6183.24116217304
AFW,2015,6194.43449404851
AFW,2016,6034.82698886686
AFW,2017,6009.51611369801
AFW,2018,6026.52757172836
AFW,2019,6070.28476944465
AFW,2020,5698.76670161724
AFW,2021,5702.13488630478
AFW,2022,5818.48322357838
AFW,2023,5886.79663594125
AFW,2024,6009.08466240495
AFW,2025,6139.58729379935
AGO,1990,8366.41271626349
AGO,1991,8170.24939362119
AGO,1992,7445.43836708148
AGO,1993,5481.76386792194
AGO,1994,5377.99034967929
AGO,1995,5981.53257569901
AGO,1996,6565.86479361918
AGO,1997,6808.33628106109
AGO,1998,6893.12265289502
AGO,1999,6815.17530603212
AGO,2000,6794.53021072097
AGO,2001,6846.79269543978
AGO,2002,7521.73598754911
AGO,2003,7516.81391491319
AGO,2004,8079.52613328266
AGO,2005,8892.92106099154
AGO,2006,9586.17542123825
AGO,2007,10434.7087224445
AGO,2008,11131.6310145389
AGO,2009,10930.2531201205
AGO,2010,11074.0723813984
AGO,2011,11034.5919687814
AGO,2012,11516.8133246588
AGO,2013,11622.978345524
AGO,2014,11718.4286832376
AGO,2015,11389.7609549481
AGO,2016,10963.9967887173
AGO,2017,10565.1676483607
AGO,2018,10154.8389228005
AGO,2019,9712.97944927269
AGO,2020,8904.94900580168
AGO,2021,8720.18768742123
AGO,2022,8750.99363032299
AGO,2023,8597.53878787554
AGO,2024,8752.7974709833
AGO,2025,8760.19081963151
ALB,1990,5560.8339349099
ALB,1991,4027.88880714791
ALB,1992,3761.13980833495
ALB,1993,4145.90250530525
ALB,1994,4517.78007862677
ALB,1995,5151.37596211047
ALB,1996,5563.77007788975
ALB,1997,4942.98350018006
ALB,1998,5387.54588745977
ALB,1999,6085.98339706701
ALB,2000,6581.98909242849
ALB,2001,7232.96055449664
ALB,2002,7590.45852377781
ALB,2003,8025.2480324802
ALB,2004,8483.25881549279
ALB,2005,8964.28082219496
ALB,2006,9563.98954154527
ALB,2007,10262.9242359026
ALB,2008,11056.3059173381
ALB,2009,11430.5746310655
ALB,2010,11829.0042369631
ALB,2011,12153.0636591785
ALB,2012,12463.518369846
ALB,2013,12873.4298184073
ALB,2014,13366.5040948145
ALB,2015,13876.7616296598
ALB,2016,14643.4285614716
ALB,2017,15359.3974577025
ALB,2018,16170.9234325287
ALB,2019,16761.1230178682
ALB,2020,16457.7189744991
ALB,2021,18212.794718288
ALB,2022,19388.7927279351
ALB,2023,20501.6470726741
ALB,2024,21640.9835773271
ALB,2025,22724.2938194949
AND,1990,50036.3007757561
AND,1991,47624.9668573542
AND,1992,45246.53307101
AND,1993,42605.6595832451
AND,1994,42716.3656354
AND,1995,44375.0247238159
AND,1996,46386.0912022485
AND,1997,50032.3529125128
AND,1998,51092.2222352218
AND,1999,52921.0452609846
AND,2000,54809.1441679423
AND,2001,59109.0136806378
AND,2002,61188.6370851474
AND,2003,63656.1958332184
AND,2004,64353.4858113531
AND,2005,65114.8053663021
AND,2006,66390.293726491
AND,2007,65534.1168555171
AND,2008,60691.6051530637
AND,2009,57203.9708883731
AND,2010,58285.0577756981
AND,2011,60470.4662377044
AND,2012,58172.1323929474
AND,2013,57332.1585611366
AND,2014,59929.2444670501
AND,2015,62105.1542389675
AND,2016,64402.8092369468
AND,2017,63239.6577711911
AND,2018,63048.5985572834
AND,2019,63215.899791913
AND,2020,55488.4902991095
AND,2021,59332.2029100127
AND,2022,63913.3835079105
AND,2023,64631.2963909271
AND,2024,66232.7444195598
AND,2025,67993.0524178882
ARB,1990,11355.1718407217
ARB,1991,10925.4803164734
ARB,1992,11328.2831751529
ARB,1993,11373.8756110002
ARB,1994,11407.5799459782
ARB,1995,11439.965235048
ARB,1996,11727.9176909663
ARB,1997,12060.4162710899
ARB,1998,12414.0808971918
ARB,1999,12498.0448761006
ARB,2000,12951.1488357919
ARB,2001,12942.2801233206
ARB,2002,12809.5386646405
ARB,2003,12908.1785746866
ARB,2004,13743.6011136095
ARB,2005,14138.3873353854
ARB,2006,14630.4079863564
ARB,2007,14935.5647106518
ARB,2008,15396.8318989782
ARB,2009,15212.2519061915
ARB,2010,15618.615472912
ARB,2011,15945.1823698333
ARB,2012,16186.2739403861
ARB,2013,16119.4564896044
ARB,2014,16172.6351171803
ARB,2015,16397.4908780979
ARB,2016,16632.4297723251
ARB,2017,16568.8021684707
ARB,2018,16749.8977688889
ARB,2019,16808.651930358
ARB,2020,15768.0410516828
ARB,2021,16194.2304401674
ARB,2022,16933.1685957842
ARB,2023,16830.7594854659
ARB,2024,16802.4292966747
ARB,2025,17050.8498488892
ARE,1990,111376.984373425
ARE,1991,106266.157625225
ARE,1992,104207.059133554
ARE,1993,100422.832470477
ARE,1994,102456.239942581
ARE,1995,104527.848240577
ARE,1996,103653.542710104
ARE,1997,103392.379457138
ARE,1998,96088.6587271972
ARE,1999,92047.6104655985
ARE,2000,95390.8328858321
ARE,2001,90750.3257926454
ARE,2002,87479.1545350862
ARE,2003,89828.493399274
ARE,2004,93166.1568863784
ARE,2005,92750.9226341994
ARE,2006,94872.5121329578
ARE,2007,87180.6001633546
ARE,2008,80285.1613062103
ARE,2009,71488.9696792101
ARE,2010,70913.7569272495
ARE,2011,73190.4056300014
ARE,2012,73644.0549928884
ARE,2013,74237.2038000319
ARE,2014,74145.1175448951
ARE,2015,75238.5571858454
ARE,2016,75671.036861385
ARE,2017,72529.0423512365
ARE,2018,72671.0787288764
ARE,2019,72822.9466438922
ARE,2020,66808.6209256028
ARE,2021,68580.1312912676
ARE,2022,70075.63837395
ARE,2023,70239.8328337228
ARE,2024,69701.785835525
ARG,1990,17007.2844317191
ARG,1991,18295.6091996812
ARG,1992,19476.2840606477
ARG,1993,20791.3451479504
ARG,1994,21711.842788091
ARG,1995,20819.4999479903
ARG,1996,21695.5949515372
ARG,1997,23172.1583398342
ARG,1998,23783.1017185449
ARG,1999,22714.5111302701
ARG,2000,22281.3814299958
ARG,2001,21066.4581290433
ARG,2002,18571.7020471274
ARG,2003,20005.1385113465
ARG,2004,21591.449396517
ARG,2005,23262.4075792816
ARG,2006,24877.2493922296
ARG,2007,26850.6645932771
ARG,2008,27658.4853446831
ARG,2009,25747.1976809995
ARG,2010,28056.2570212342
ARG,2011,29425.7593876084
ARG,2012,28825.9666865361
ARG,2013,29227.6601818437
ARG,2014,28200.8152571318
ARG,2015,28669.2061336796
ARG,2016,27802.1057201498
ARG,2017,28334.904184742
ARG,2018,27367.115094108
ARG,2019,26629.5529419501
ARG,2020,23877.0931404855
ARG,2021,26300.274261175
ARG,2022,27825.0273492567
ARG,2023,27230.3968496682
ARG,2024,26771.9657650571
ARG,2025,27846.5984597239
ARM,1990,6137.60045786761
ARM,1991,5326.75285558236
ARM,1992,3136.72428260526
ARM,1993,2958.88037185647
ARM,1994,3200.89649468569
ARM,1995,3480.7559365251
ARM,1996,3717.33576522762
ARM,1997,3879.17938009678
ARM,1998,4211.51276778797
ARM,1999,4406.96706718618
ARM,2000,4589.00825039977
ARM,2001,5044.11647826468
ARM,2002,5731.35346609213
ARM,2003,6569.26023440631
ARM,2004,7299.40001858866
ARM,2005,8362.90084037119
ARM,2006,9525.23146779778
ARM,2007,10898.8483795634
ARM,2008,11727.4821272949
ARM,2009,10143.2350796867
ARM,2010,10438.5641904169
ARM,2011,10990.177099035
ARM,2012,11796.2741177994
ARM,2013,12194.0189523843
ARM,2014,12667.3757330249
ARM,2015,13112.7600902915
ARM,2016,13192.9940731731
ARM,2017,14243.8749003795
ARM,2018,15037.0452420712
ARM,2019,16215.3607965094
ARM,2020,15052.9359791136
ARM,2021,15921.705281964
ARM,2022,17886.1783877168
ARM,2023,19402.7510915578
ARM,2024,20078.7848984844
ARM,2025,21153.478328571
ATG,1990,21074.57643609
ATG,1991,21424.2911871461
ATG,1992,21330.2731918527
ATG,1993,22051.4373204261
ATG,1994,23081.6639123529
ATG,1995,21639.6020640854
ATG,1996,22597.314506816
ATG,1997,23350.3093865169
ATG,1998,23996.1144041367
ATG,1999,24462.2034022412
ATG,2000,25547.6120273679
ATG,2001,24014.7754593511
ATG,2002,23958.1638142071
ATG,2003,25136.001691807
ATG,2004,26303.6179046605
ATG,2005,27692.634871178
ATG,2006,30827.3416754916
ATG,2007,33245.2678606765
ATG,2008,32756.3067839753
ATG,2009,28405.6900929523
ATG,2010,25826.6086383235
ATG,2011,25023.9174488179
ATG,2012,25592.9066121735
ATG,2013,25206.8458285339
ATG,2014,25557.5249124716
ATG,2015,25734.1516444171
ATG,2016,26627.71453894
ATG,2017,27199.1952402262
ATG,2018,28878.6067675471
ATG,2019,29651.8641526705
ATG,2020,23930.6714995115
ATG,2021,25745.4958067746
ATG,2022,27785.5572316838
ATG,2023,28712.3970492192
ATG,2024,29298.6474164727
ATG,2025,30620.3075553859
AUS,1990,36267.7410592234
AUS,1991,35670.6678637309
AUS,1992,35426.2848289008
AUS,1993,36533.1468283451
AUS,1994,37622.6524772939
AUS,1995,38653.3366778657
AUS,1996,39663.1617728168
AUS,1997,40773.5660516518
AUS,1998,42257.1718122395
AUS,1999,43899.073794405
AUS,2000,45099.0752097084
AUS,2001,45428.2000837579
AUS,2002,46688.3947760633
AUS,2003,47581.2285345879
AUS,2004,49061.2761503925
AUS,2005,49997.0664953941
AUS,2006,50693.7248649798
AUS,2007,51663.2403953881
AUS,2008,52473.3819160773
AUS,2009,52407.9115378584
AUS,2010,52739.2681556133
AUS,2011,53257.0473237603
AUS,2012,54403.8836902433
AUS,2013,54895.0052588984
AUS,2014,55489.068844146
AUS,2015,55879.9958817103
AUS,2016,56529.951824687
AUS,2017,56881.8569859104
AUS,2018,57647.8455068105
AUS,2019,58048.6188420831
AUS,2020,57260.4650530108
AUS,2021,58327.4146842325
AUS,2022,60029.1329190733
AUS,2023,60684.9596204883
AUS,2024,60309.5831772339
AUS,2025,60194.0633547961
AUT,1990,43258.1144095785
AUT,1991,44302.3593080223
AUT,1992,44734.7911157679
AUT,1993,44601.1442274518
AUT,1994,45497.074754296
AUT,1995,46639.4667421613
AUT,1996,47608.5642962955
AUT,1997,48575.090714407
AUT,1998,50216.6282284105
AUT,1999,52004.459782806
AUT,2000,53534.2669894259
AUT,2001,54032.075746659
AUT,2002,54565.0004227482
AUT,2003,54919.7101911513
AUT,2004,55980.1531665622
AUT,2005,56890.1996184204
AUT,2006,58460.1550504163
AUT,2007,60470.825141587
AUT,2008,61157.9014974191
AUT,2009,58810.3596828696
AUT,2010,59730.4673903053
AUT,2011,61272.1724662899
AUT,2012,61376.6345930428
AUT,2013,60862.9693673785
AUT,2014,60845.5743980711
AUT,2015,60951.6037273662
AUT,2016,61572.6257402404
AUT,2017,62535.8105711345
AUT,2018,63777.9362157476
AUT,2019,64609.2836396895
AUT,2020,60276.3307697326
AUT,2021,62968.8538770186
AUT,2022,65694.4591501468
AUT,2023,64536.2076307547
AUT,2024,63787.9891749462
AUT,2025,63970.4008534859
AZE,1990,10776.0677018086
AZE,1991,10559.2119361527
AZE,1992,8050.21624195194
AZE,1993,6097.48622316834
AZE,1994,4830.69940287626
AZE,1995,4211.72114349636
AZE,1996,4223.5229711304
AZE,1997,4425.5882352872
AZE,1998,4822.1601856452
AZE,1999,5133.74812032569
AZE,2000,5656.92989378687
AZE,2001,6168.98512059749
AZE,2002,6701.08174444207
AZE,2003,7329.40601818943
AZE,2004,7937.8594791002
AZE,2005,10054.1003389401
AZE,2006,13371.6585214534
AZE,2007,16587.3657240228
AZE,2008,17963.0208126838
AZE,2009,19242.3900077231
AZE,2010,19925.3900662137
AZE,2011,19358.0778100345
AZE,2012,19523.3737161356
AZE,2013,20398.6462250349
AZE,2014,20709.201611232
AZE,2015,20678.7539572375
AZE,2016,19822.4105943941
AZE,2017,19659.0048562768
AZE,2018,19781.8509058437
AZE,2019,20101.491875147
AZE,2020,19126.096851126
AZE,2021,20111.3756952109
AZE,2022,21051.2442291612
AZE,2023,21310.7386915022
AZE,2024,22090.5298026929
AZE,2025,22314.2168957333
BDI,1990,1455.82622509445
BDI,1991,1497.26901418268
BDI,1992,1472.49317307891
BDI,1993,1424.76600804187
BDI,1994,1361.32213320803
BDI,1995,1180.67488724146
BDI,1996,1085.47116215302
BDI,1997,1068.29382590126
BDI,1998,1097.86451761348
BDI,1999,1061.04411459842
BDI,2000,1030.32234706616
BDI,2001,1025.48374929263
BDI,2002,1041.29719140875
BDI,2003,996.569433908385
BDI,2004,1006.51241783279
BDI,2005,978.5419608465
BDI,2006,995.027813698961
BDI,2007,991.931411319069
BDI,2008,998.565055501985
BDI,2009,985.184772509514
BDI,2010,988.018678716302
BDI,2011,991.659881666872
BDI,2012,999.220068163159
BDI,2013,1011.43131303134
BDI,2014,1019.17607398667
BDI,2015,992.28580552029
BDI,2016,1006.55907385999
BDI,2017,1020.8498275719
BDI,2018,1043.40558434036
BDI,2019,1054.72592734898
BDI,2020,1027.62896276744
BDI,2021,1032.38274081999
BDI,2022,1028.11134640179
BDI,2023,1033.00937341776
BDI,2024,1048.05557098193
BDI,2025,1066.51299240586
BEL,1990,41640.0583572134
BEL,1991,42246.0760496851
BEL,1992,42719.0486134247
BEL,1993,42143.1960612051
BEL,1994,43369.275944431
BEL,1995,44310.6278688276
BEL,1996,44808.5243580352
BEL,1997,46396.0021283995
BEL,1998,47205.3098527355
BEL,1999,48765.7668571998
BEL,2000,50455.7338920674
BEL,2001,50835.3969916063
BEL,2002,51471.8532550934
BEL,2003,51788.8439641975
BEL,2004,53406.6918625203
BEL,2005,54346.8934219288
BEL,2006,55367.6227467909
BEL,2007,56983.4612170064
BEL,2008,56787.7366257416
BEL,2009,55258.7071019668
BEL,2010,56240.2030936241
BEL,2011,56585.302500068
BEL,2012,56356.8251292137
BEL,2013,56263.175267967
BEL,2014,57002.9092185206
BEL,2015,57509.0245728704
BEL,2016,57901.497690315
BEL,2017,58529.3302957537
BEL,2018,59357.6896884396
BEL,2019,60479.9769955469
BEL,2020,57333.5424137924
BEL,2021,60669.2137746534
BEL,2022,62602.9270469765
BEL,2023,63042.0099876309
BEL,2024,63311.2766917178
BEL,2025,63488.4217622523
BEN,1990,2207.06796428357
BEN,1991,2230.46054664537
BEN,1992,2226.56666006625
BEN,1993,2254.24565428893
BEN,1994,2215.36616821938
BEN,1995,2300.14122107459
BEN,1996,2337.63030771279
BEN,1997,2399.78593127356
BEN,1998,2419.10014338548
BEN,1999,2470.68504400549
BEN,2000,2536.16885867097
BEN,2001,2591.06485220288
BEN,2002,2630.18061029627
BEN,2003,2639.04370114641
BEN,2004,2672.84404357157
BEN,2005,2632.47251454328
BEN,2006,2652.21841967159
BEN,2007,2729.13741390352
BEN,2008,2777.61974031765
BEN,2009,2758.07243150648
BEN,2010,2733.57399641151
BEN,2011,2732.01249647957
BEN,2012,2779.7264808532
BEN,2013,2893.0467015352
BEN,2014,2987.38236326153
BEN,2015,2952.00218338705
BEN,2016,2962.66381572265
BEN,2017,3041.77929984989
BEN,2018,3155.4510650627
BEN,2019,3281.10470051465
BEN,2020,3317.8597222557
BEN,2021,3464.2886286745
BEN,2022,3588.32519938147
BEN,2023,3721.21254814808
BEN,2024,3901.32588494392
BEN,2025,4116.2151559488
BFA,1990,1107.85590454965
BFA,1991,1178.07704639063
BFA,1992,1152.04476095096
BFA,1993,1162.64923453351
BFA,1994,1148.60721370395
BFA,1995,1183.52861008084
BFA,1996,1280.69608533889
BFA,1997,1326.94230829963
BFA,1998,1385.09310679095
BFA,1999,1444.56690170414
BFA,2000,1428.57400617096
BFA,2001,1477.28491846525
BFA,2002,1494.67801269583
BFA,2003,1561.83310184915
BFA,2004,1581.25620933294
BFA,2005,1664.99543180023
BFA,2006,1714.76034904509
BFA,2007,1731.93046335077
BFA,2008,1779.32710911571
BFA,2009,1779.32305627973
BFA,2010,1873.97146230828
BFA,2011,1939.86659989406
BFA,2012,2003.6646118745
BFA,2013,2057.0639319853
BFA,2014,2083.19844698304
BFA,2015,2101.70266192027
BFA,2016,2162.72578977814
BFA,2017,2232.28781490944
BFA,2018,2316.39432079045
BFA,2019,2391.53626844484
BFA,2020,2380.93171826574
BFA,2021,2486.43093147762
BFA,2022,2469.19956941259
BFA,2023,2486.20669812871
BFA,2024,2548.50247702504
BFA,2025,2624.82858270803
BGD,1990,2069.78230100672
BGD,1991,2101.38366035658
BGD,1992,2174.38232866943
BGD,1993,2234.8101219225
BGD,1994,2279.09435302944
BGD,1995,2351.70387946903
BGD,1996,2413.54298201505
BGD,1997,2475.59574602489
BGD,1998,2555.06119218282
BGD,1999,2624.06553797638
BGD,2000,2712.93512215725
BGD,2001,2803.55471950946
BGD,2002,2866.43454328715
BGD,2003,2958.91503115633
BGD,2004,3071.83778764611
BGD,2005,3231.61370692891
BGD,2006,3407.4273502159
BGD,2007,3608.91543819399
BGD,2008,3787.9382761855
BGD,2009,3942.13631207203
BGD,2010,4125.46390163202
BGD,2011,4352.42643359325
BGD,2012,4592.04840919812
BGD,2013,4822.72621378266
BGD,2014,5068.63965672741
BGD,2015,5352.71133299566
BGD,2016,5682.53553494306
BGD,2017,6005.70718781048
BGD,2018,6392.59334024091
BGD,2019,6838.32611608243
BGD,2020,7015.19792797056
BGD,2021,7441.06913961254
BGD,2022,7888.16389098304
BGD,2023,8242.39798977242
BGD,2024,8486.78495660517
BGD,2025,8676.7557622508
BGR,1990,14954.1346607381
BGR,1991,13827.4797929492
BGR,1992,12960.3221276617
BGR,1993,12870.7386486833
BGR,1994,13149.3076944164
BGR,1995,13591.3431083214
BGR,1996,14372.7715114425
BGR,1997,12419.3797738056
BGR,1998,12976.2670026785
BGR,1999,11953.5983607318
BGR,2000,12563.8362285253
BGR,2001,13306.5044553959
BGR,2002,14397.001318192
BGR,2003,15271.4839489061
BGR,2004,16388.9600145841
BGR,2005,17678.0339712293
BGR,2006,19024.543813813
BGR,2007,20440.2525941501
BGR,2008,21845.954719527
BGR,2009,21251.2168646802
BGR,2010,21724.2863457596
BGR,2011,22321.033168819
BGR,2012,22618.8104278919
BGR,2013,22954.396399855
BGR,2014,23455.4830019277
BGR,2015,24562.648880929
BGR,2016,25636.7443903478
BGR,2017,26691.758001902
BGR,2018,27690.893655005
BGR,2019,29149.921509976
BGR,2020,28521.2062482596
BGR,2021,30958.9830238332
BGR,2022,32433.6587569626
BGR,2023,33073.6803093453
BGR,2024,34221.3866940362
BGR,2025,35325.5317883474
BHR,1990,41856.54450772
BHR,1991,47644.0234716882
BHR,1992,49511.9474019627
BHR,1993,54433.1375084971
BHR,1994,52886.5789027329
BHR,1995,53537.6828948177
BHR,1996,54289.4380390309
BHR,1997,54512.8551056888
BHR,1998,55638.6935860684
BHR,1999,56522.2261899823
BHR,2000,57968.9956082135
BHR,2001,57280.6986707494
BHR,2002,55096.6571550779
BHR,2003,54431.8763559658
BHR,2004,54045.092888858
BHR,2005,53478.2662415503
BHR,2006,52691.9323366851
BHR,2007,52731.7921672618
BHR,2008,52765.3899455546
BHR,2009,50665.7507489219
BHR,2010,50704.8479679819
BHR,2011,53132.3284162611
BHR,2012,54516.8406594787
BHR,2013,55376.4005147894
BHR,2014,55065.8189472129
BHR,2015,54149.9131524721
BHR,2016,54107.0752236423
BHR,2017,53859.7749589601
BHR,2018,54893.0724411368
BHR,2019,56749.9628370612
BHR,2020,53814.2452592358
BHR,2021,54954.6757895532
BHR,2022,57572.997981018
BHR,2023,57819.9051831242
BHR,2024,59060.1818363183
BHR,2025,60669.6307795772
BHS,1990,33072.1596125382
BHS,1991,31148.9052622825
BHS,1992,29412.8804985919
BHS,1993,28955.3510589021
BHS,1994,29346.3604837079
BHS,1995,30128.1935557246
BHS,1996,30907.8208035756
BHS,1997,30839.0247952491
BHS,1998,31836.5264901331
BHS,1999,33657.804588874
BHS,2000,34597.1621145274
BHS,2001,35072.3658990461
BHS,2002,35610.6786425646
BHS,2003,34740.7635535381
BHS,2004,34617.8051137459
BHS,2005,35365.4663980219
BHS,2006,35789.1322131898
BHS,2007,35797.118972073
BHS,2008,34498.0351399173
BHS,2009,32630.263065979
BHS,2010,32711.4592459383
BHS,2011,32535.6625139135
BHS,2012,33667.5547098911
BHS,2013,32402.9163503108
BHS,2014,32712.6356664811
BHS,2015,32777.5849410742
BHS,2016,32172.3365152976
BHS,2017,33050.0350128611
BHS,2018,33650.2164350935
BHS,2019,33202.4902105068
BHS,2020,26452.695760929
BHS,2021,31064.6822166194
BHS,2022,34342.9285316569
BHS,2023,35221.2696932313
BHS,2024,36244.0500123244
BIH,1990,2413.93822928526
BIH,1991,2183.52604942539
BIH,1992,2150.91074083366
BIH,1993,2281.88983603662
BIH,1994,2657.80295240973
BIH,1995,3090.37823581462
BIH,1996,4568.98265882687
BIH,1997,6020.96023732543
BIH,1998,6899.29705850819
BIH,1999,7481.30398935927
BIH,2000,7830.5018609252
BIH,2001,7982.5188539099
BIH,2002,8366.69155604844
BIH,2003,8709.95671578197
BIH,2004,9344.83015887193
BIH,2005,9814.46964102531
BIH,2006,10430.4119951847
BIH,2007,11178.6814832392
BIH,2008,11983.7199632138
BIH,2009,11826.6501351383
BIH,2010,12142.8616958168
BIH,2011,12487.6490566037
BIH,2012,12626.9263237753
BIH,2013,13135.7175053454
BIH,2014,13458.852576408
BIH,2015,14220.0900038037
BIH,2016,14873.6411107879
BIH,2017,15554.6587430766
BIH,2018,16348.9997145353
BIH,2019,17029.2971980343
BIH,2020,16747.0353918695
BIH,2021,18286.6614977175
BIH,2022,19298.117076437
BIH,2023,19804.9181465635
BIH,2024,20578.4995446816
BIH,2025,21178.2260059497
BLR,1990,12351.6357110065
BLR,1991,12197.7877887634
BLR,1992,11002.6017626136
BLR,1993,10143.9840118445
BLR,1994,8967.73072971831
BLR,1995,8061.19604112609
BLR,1996,8314.85656685025
BLR,1997,9301.32717519867
BLR,1998,10128.1560469563
BLR,1999,10519.7489145442
BLR,2000,11182.4548339393
BLR,2001,11771.0872003861
BLR,2002,12443.9322575939
BLR,2003,13413.9265504854
BLR,2004,15052.1182160947
BLR,2005,16579.8731683834
BLR,2006,18349.8719060634
BLR,2007,20019.6111676728
BLR,2008,22137.9472928315
BLR,2009,22236.8387691136
BLR,2010,24012.6133040213
BLR,2011,25404.7566082412
BLR,2012,25879.1319400701
BLR,2013,26147.6253584645
BLR,2014,26564.4347246547
BLR,2015,25513.2132958317
BLR,2016,24846.8301529359
BLR,2017,25503.9809845207
BLR,2018,26363.4629778536
BLR,2019,26798.8206398076
BLR,2020,26731.4953869922
BLR,2021,27611.1801135157
BLR,2022,26537.5083081674
BLR,2023,27782.4380139967
BLR,2024,29135.9465139232
BLR,2025,29666.2115719117
BLZ,1990,8251.61762539471
BLZ,1991,9028.07343837562
BLZ,1992,9967.77779283553
BLZ,1993,10366.8590598807
BLZ,1994,10146.3996755203
BLZ,1995,9967.84688088643
BLZ,1996,9782.64416029651
BLZ,1997,9862.26634546876
BLZ,1998,9894.59919785026
BLZ,1999,10460.6346102795
BLZ,2000,11363.6868781615
BLZ,2001,11567.0265720608
BLZ,2002,11828.1865744067
BLZ,2003,12589.2679378206
BLZ,2004,12807.1658774384
BLZ,2005,12714.9697390831
BLZ,2006,12912.5300233774
BLZ,2007,12973.2067214746
BLZ,2008,12415.6811300464
BLZ,2009,12033.9096816588
BLZ,2010,11913.6635959061
BLZ,2011,11641.7717375703
BLZ,2012,11843.4153404212
BLZ,2013,12064.797259406
BLZ,2014,12272.2957895446
BLZ,2015,12348.7944978311
BLZ,2016,12063.0600374093
BLZ,2017,11572.3007931461
BLZ,2018,11451.8979413877
BLZ,2019,11765.9748661176
BLZ,2020,10045.1404163746
BLZ,2021,11716.3267818656
BLZ,2022,12565.3645829576
BLZ,2023,12371.0086545348
BLZ,2024,12621.4081961897
BLZ,2025,12788.8423713826
BMU,1990,79750.8567680695
BMU,1991,76368.2742018138
BMU,1992,75769.902935257
BMU,1993,77506.7437396645
BMU,1994,77473.5756060332
BMU,1995,80430.6436481323
BMU,1996,82126.2573825069
BMU,1997,85384.4474553667
BMU,1998,88038.5381561316
BMU,1999,90294.3828538243
BMU,2000,98024.0788793146
BMU,2001,104565.263948121
BMU,2002,102564.108880562
BMU,2003,105647.446050466
BMU,2004,107807.760712997
BMU,2005,109340.012116084
BMU,2006,115175.773016307
BMU,2007,118696.092066629
BMU,2008,115947.63292703
BMU,2009,108967.427366927
BMU,2010,105973.358845444
BMU,2011,101994.242680484
BMU,2012,96715.1659966888
BMU,2013,96553.8726827819
BMU,2014,93046.2100976443
BMU,2015,93863.8483363419
BMU,2016,93269.0137558453
BMU,2017,96441.2718767256
BMU,2018,95643.2734055543
BMU,2019,95523.9623126026
BMU,2020,88484.8155997921
BMU,2021,92319.6714861222
BMU,2022,97943.0548977322
BMU,2023,102268.922803272
BMU,2024,104299.944358815
BOL,1990,6247.10446615403
BOL,1991,6440.48571428318
BOL,1992,6414.32866825436
BOL,1993,6556.81640551449
BOL,1994,6731.28487501595
BOL,1995,6914.34189614304
BOL,1996,7083.6131331083
BOL,1997,7301.50935861496
BOL,1998,7534.51656369605
BOL,1999,7435.72544286949
BOL,2000,7492.4338168091
BOL,2001,7491.15257765571
BOL,2002,7550.01554645092
BOL,2003,7625.90515918892
BOL,2004,7811.59684093936
BOL,2005,8020.63568834793
BOL,2006,8263.31896853691
BOL,2007,8493.94848212653
BOL,2008,8865.27246616683
BOL,2009,9011.55629873547
BOL,2010,9230.3980801466
BOL,2011,9554.44502513
BOL,2012,9884.46163594645
BOL,2013,10391.3833756917
BOL,2014,10790.8472887528
BOL,2015,11144.6415720641
BOL,2016,11448.02180322
BOL,2017,11755.2556195885
BOL,2018,11920.3135079645
BOL,2019,11930.9159145918
BOL,2020,10285.6590750222
BOL,2021,11202.4409836707
BOL,2022,11487.7148799194
BOL,2023,11616.1575595159
BOL,2024,11329.1518061536
BOL,2025,11000.5345220728
BRA,1990,12633.2884560597
BRA,1991,12546.5605005559
BRA,1992,12271.9788478727
BRA,1993,12669.4287209749
BRA,1994,13202.9308011881
BRA,1995,13550.4393735843
BRA,1996,13641.6295995961
BRA,1997,13896.6249901072
BRA,1998,13737.7026433556
BRA,1999,13602.4137067874
BRA,2000,14005.3471874231
BRA,2001,14016.1313772236
BRA,2002,14265.9048770292
BRA,2003,14259.3664089322
BRA,2004,14911.2609608592
BRA,2005,15221.0138281541
BRA,2006,15657.4795716983
BRA,2007,16440.583740032
BRA,2008,17113.3679822643
BRA,2009,16939.4407810328
BRA,2010,18062.1581103659
BRA,2011,18627.8104529397
BRA,2012,18832.2195527075
BRA,2013,19241.5059815726
BRA,2014,19183.172744636
BRA,2015,18357.0690617991
BRA,2016,17620.9272434136
BRA,2017,17724.4799577784
BRA,2018,17917.7492123359
BRA,2019,18018.6209151518
BRA,2020,17327.5157249466
BRA,2021,18075.7060049068
BRA,2022,18554.0461828566
BRA,2023,19079.8122134028
BRA,2024,19652.365499171
BRA,2025,20024.6968256903
BRB,1990,19195.8871160038
BRB,1991,18391.0074040066
BRB,1992,17284.5196561055
BRB,1993,17370.8734866422
BRB,1994,17679.9985547176
BRB,1995,18007.2337725556
BRB,1996,18705.7976314677
BRB,1997,19584.4075964016
BRB,1998,20311.199276816
BRB,1999,20372.8839348705
BRB,2000,21315.7684300571
BRB,2001,20782.8432453701
BRB,2002,20809.8567218941
BRB,2003,21132.3281963019
BRB,2004,21308.6052569587
BRB,2005,22035.3859581035
BRB,2006,23260.8645438811
BRB,2007,23631.9433885299
BRB,2008,23657.2900650446
BRB,2009,22354.8404800399
BRB,2010,20464.7939658776
BRB,2011,20383.2530917687
BRB,2012,19743.57827095
BRB,2013,19730.3469740518
BRB,2014,19840.8306179644
BRB,2015,19642.2322500219
BRB,2016,19877.1120083968
BRB,2017,19966.3202405154
BRB,2018,19877.6759569235
BRB,2019,19890.455714094
BRB,2020,16399.7020111405
BRB,2021,17686.7469386289
BRB,2022,20494.5343836936
BRB,2023,20865.0155437147
BRB,2024,21557.5276350385
BRB,2025,22127.3604979718
BRN,1990,118163.68336994
BRN,1991,118220.68359533
BRN,1992,111457.220883519
BRN,1993,107899.136339239
BRN,1994,106239.232694338
BRN,1995,105043.853097683
BRN,1996,102522.125418121
BRN,1997,106503.420270796
BRN,1998,97171.6372551031
BRN,1999,99083.3205282422
BRN,2000,100323.439918528
BRN,2001,99680.7626777537
BRN,2002,101571.583784666
BRN,2003,103226.914446986
BRN,2004,101497.754798655
BRN,2005,99795.6850854526
BRN,2006,102248.510300567
BRN,2007,96752.6204091885
BRN,2008,91275.5000919182
BRN,2009,87875.8283546044
BRN,2010,88586.5133683924
BRN,2011,90279.6634042123
BRN,2012,89718.4636049982
BRN,2013,86606.6518910199
BRN,2014,83310.6151819533
BRN,2015,81910.1882959493
BRN,2016,78880.6228501768
BRN,2017,78966.8643142346
BRN,2018,78099.0507802561
BRN,2019,80228.1598170527
BRN,2020,80280.8980640677
BRN,2021,78248.797127611
BRN,2022,76357.829114996
BRN,2023,76616.7014884981
BRN,2024,79071.7333801445
BRN,2025,78985.122026951
BTN,1990,3411.3837599176
BTN,1991,3338.00941826599
BTN,1992,3624.59781500136
BTN,1993,3850.551287421
BTN,1994,4042.49417769249
BTN,1995,4379.87046667778
BTN,1996,4616.91979198439
BTN,1997,4778.70511731732
BTN,1998,4965.87646031681
BTN,1999,5241.36663790737
BTN,2000,5287.57434721684
BTN,2001,5545.6305511084
BTN,2002,5991.25497571775
BTN,2003,6323.5411950973
BTN,2004,6517.99683290216
BTN,2005,6850.80441609334
BTN,2006,7140.85609148376
BTN,2007,8195.07074477912
BTN,2008,8470.03471622855
BTN,2009,9019.11861272397
BTN,2010,9985.28455483655
BTN,2011,10714.686566371
BTN,2012,11143.9445354588
BTN,2013,11212.479426698
BTN,2014,11744.5189124825
BTN,2015,12400.2983237391
BTN,2016,13320.9759036882
BTN,2017,13482.3425280358
BTN,2018,13854.8543977158
BTN,2019,14555.1884045845
BTN,2020,12979.9369485824
BTN,2021,13458.812666743
BTN,2022,14061.3120274588
BTN,2023,14610.2959097837
BTN,2024,15603.8871298469
BTN,2025,16743.8703854575
BWA,1990,10520.9183978405
BWA,1991,11001.8013588128
BWA,1992,11008.6810214184
BWA,1993,10902.9512774946
BWA,1994,10989.6700551057
BWA,1995,11457.6994362472
BWA,1996,11832.9387782379
BWA,1997,12526.352236393
BWA,1998,12306.250477233
BWA,1999,13207.447346512
BWA,2000,13185.8171514278
BWA,2001,12949.6403104655
BWA,2002,13479.6960719923
BWA,2003,13857.2588264737
BWA,2004,13984.8415112641
BWA,2005,14361.9576327759
BWA,2006,15275.5828811117
BWA,2007,15850.2343496231
BWA,2008,16040.3153236098
BWA,2009,13489.9509168296
BWA,2010,14545.0198074427
BWA,2011,15236.7188843522
BWA,2012,14957.6189142932
BWA,2013,16369.4252971454
BWA,2014,17052.1924105361
BWA,2015,15994.9643042101
BWA,2016,16905.588740873
BWA,2017,17352.8958451454
BWA,2018,17825.018569213
BWA,2019,18106.0105471124
BWA,2020,16289.3913582645
BWA,2021,17960.6254447437
BWA,2022,18647.3734588832
BWA,2023,18932.4802712334
BWA,2024,18107.614452913
BWA,2025,17687.2042407934
CAF,1990,1481.25255094258
CAF,1991,1427.69018313539
CAF,1992,1294.20254725767
CAF,1993,1257.8284033824
CAF,1994,1278.91509145063
CAF,1995,1334.10322981784
CAF,1996,1247.9687525828
CAF,1997,1278.48826062781
CAF,1998,1302.75142830782
CAF,1999,1313.23570902088
CAF,2000,1245.81399563599
CAF,2001,1272.85710758505
CAF,2002,1290.38314917126
CAF,2003,1191.8731520062
CAF,2004,1236.28534712166
CAF,2005,1219.5939445674
CAF,2006,1251.87082171335
CAF,2007,1284.55283590666
CAF,2008,1283.2728263106
CAF,2009,1402.68164770801
CAF,2010,1479.41367757692
CAF,2011,1517.14839091011
CAF,2012,1577.98053252253
CAF,2013,996.896355923912
CAF,2014,1001.85598053496
CAF,2015,1043.92171697157
CAF,2016,1073.94477703739
CAF,2017,1103.86609318724
CAF,2018,1125.70091748228
CAF,2019,1145.09563657752
CAF,2020,1136.57052993758
CAF,2021,1128.55237996459
CAF,2022,1136.80171107045
CAF,2023,1132.67643369804
CAF,2024,1111.21941638883
CAF,2025,1122.76083348097
CAN,1990,40475.096436631
CAN,1991,39139.2968301857
CAN,1992,39023.1668132004
CAN,1993,39622.4634110923
CAN,1994,40952.1197737093
CAN,1995,41617.706919569
CAN,1996,41880.535589577
CAN,1997,43241.2236471729
CAN,1998,44553.2651715658
CAN,1999,46464.5274488374
CAN,2000,48399.2864445547
CAN,2001,48774.1483226516
CAN,2002,49694.9870914363
CAN,2003,50139.7664579994
CAN,2004,51210.6593966138
CAN,2005,52356.5371486354
CAN,2006,53195.7608573851
CAN,2007,53761.8407991685
CAN,2008,53711.6580329654
CAN,2009,51552.4020321975
CAN,2010,52558.4200617806
CAN,2011,53681.1084809345
CAN,2012,54034.7821680318
CAN,2013,54712.1568593677
CAN,2014,55723.4615652506
CAN,2015,55660.8455840759
CAN,2016,55606.1329948184
CAN,2017,56612.3062191777
CAN,2018,57337.4682870033
CAN,2019,57583.8230739204
CAN,2020,54092.8576890836
CAN,2021,56995.0952020711
CAN,2022,58583.1299860138
CAN,2023,58088.3778077995
CAN,2024,57534.0915185335
CAN,2025,57989.5784653558
CEB,1990,17293.6474490926
CEB,1991,15451.865184455
CEB,1992,14722.7584656313
CEB,1993,14768.6885893304
CEB,1994,15310.9708907199
CEB,1995,16209.3016083363
CEB,1996,16972.3729220796
CEB,1997,17271.8184132785
CEB,1998,17726.7805117972
CEB,1999,18053.4112289508
CEB,2000,18866.992614198
CEB,2001,19591.1192589268
CEB,2002,20437.6181722064
CEB,2003,21307.5126148723
CEB,2004,22665.9482679125
CEB,2005,23837.2513202506
CEB,2006,25490.6865496896
CEB,2007,27204.8188248231
CEB,2008,28468.3930919127
CEB,2009,27511.5233418382
CEB,2010,27957.9006968917
CEB,2011,29052.8767019353
CEB,2012,29385.5792989282
CEB,2013,29678.1064029263
CEB,2014,30740.9191021016
CEB,2015,32053.9753560909
CEB,2016,33063.1299853908
CEB,2017,34898.5993254329
CEB,2018,36731.0962344349
CEB,2019,38302.005751171
CEB,2020,37280.0201037228
CEB,2021,40122.3609600588
CEB,2022,41833.7057765272
CEB,2023,42113.8905270663
CEB,2024,43043.8945580142
CEB,2025,44160.9264049384
CHE,1990,63921.4227334201
CHE,1991,62404.0627797363
CHE,1992,61004.7423539695
CHE,1993,59202.9850165162
CHE,1994,61091.4960852373
CHE,1995,63169.2827232412
CHE,1996,63243.2134310286
CHE,1997,64414.4578915682
CHE,1998,66006.2566369566
CHE,1999,66795.8879655155
CHE,2000,68834.8179906591
CHE,2001,69489.6995050103
CHE,2002,69228.3683320733
CHE,2003,68521.3420292943
CHE,2004,69812.378758031
CHE,2005,71414.3495582368
CHE,2006,73901.6149628577
CHE,2007,76161.5600232116
CHE,2008,77103.7188320632
CHE,2009,74672.9512725807
CHE,2010,76308.8064520802
CHE,2011,76527.3361539945
CHE,2012,76570.2378987121
CHE,2013,77084.6656456739
CHE,2014,78086.6805249841
CHE,2015,78325.7487417695
CHE,2016,78956.0667315042
CHE,2017,79333.7437810881
CHE,2018,81371.8944120855
CHE,2019,81694.630652314
CHE,2020,79270.8713687141
CHE,2021,83524.9832880195
CHE,2022,85762.2829174304
CHE,2023,85383.3564504008
CHE,2024,85448.0585577007
CHE,2025,85732.1097535232
CHL,1990,10955.2486481454
CHL,1991,11610.2783301649
CHL,1992,12738.6163157023
CHL,1993,13380.4722185057
CHL,1994,13849.6261008096
CHL,1995,14911.5640742268
CHL,1996,15748.4653555533
CHL,1997,16687.855593506
CHL,1998,17161.0335564475
CHL,1999,16900.1244018472
CHL,2000,17529.4205997692
CHL,2001,17874.5313866938
CHL,2002,18244.5196827315
CHL,2003,18907.3458745755
CHL,2004,19966.7093106095
CHL,2005,20923.479756183
CHL,2006,21973.7382914389
CHL,2007,22884.2997108846
CHL,2008,23515.3473178269
CHL,2009,23019.0299454094
CHL,2010,24122.4787924386
CHL,2011,25372.2741480772
CHL,2012,26676.8110154019
CHL,2013,27297.8185145366
CHL,2014,27511.5610030404
CHL,2015,27817.9584848024
CHL,2016,27965.3473526831
CHL,2017,27899.5979777012
CHL,2018,28499.4064000406
CHL,2019,28227.9790507594
CHL,2020,26258.4038553242
CHL,2021,29106.6356522053
CHL,2022,29560.4513805785
CHL,2023,29600.4188613168
CHL,2024,30267.6440919907
CHL,2025,30863.4223155169
CHN,1990,1666.8141224419
CHN,1991,1798.38257887629
CHN,1992,2030.47126519674
CHN,1993,2286.7956394875
CHN,1994,2556.90688386013
CHN,1995,2807.88647301744
CHN,1996,3055.72827655781
CHN,1997,3305.83025665988
CHN,1998,3533.69839702638
CHN,1999,3774.42758274469
CHN,2000,4065.86707804429
CHN,2001,4372.43560608339
CHN,2002,4744.38182475307
CHN,2003,5191.78118308167
CHN,2004,5684.3881718733
CHN,2005,6298.29929808598
CHN,2006,7057.11131595304
CHN,2007,8013.78375739131
CHN,2008,8743.7020031299
CHN,2009,9518.68128351945
CHN,2010,10476.1525652407
CHN,2011,11404.9179835542
CHN,2012,12217.9343813101
CHN,2013,13080.8787864744
CHN,2014,13968.5187785922
CHN,2015,14857.1088234405
CHN,2016,15772.8372607502
CHN,2017,16758.0463976858
CHN,2018,17807.0490552244
CHN,2019,18820.5871645645
CHN,2020,19215.1012491012
CHN,2021,20843.2978347377
CHN,2022,21499.3125559757
CHN,2023,22687.2519534328
CHN,2024,23841.4769141817
CHN,2025,25066.5215296486
CIV,1990,5255.54850266487
CIV,1991,5052.88904768462
CIV,1992,4843.32931958155
CIV,1993,4645.50187236924
CIV,1994,4502.49283983062
CIV,1995,4638.79163883935
CIV,1996,4807.45984346502
CIV,1997,5072.6345612587
CIV,1998,5093.16936951716
CIV,1999,4987.39397799406
CIV,2000,4838.37602767698
CIV,2001,4609.17878891553
CIV,2002,4368.96040639474
CIV,2003,4060.03041319294
CIV,2004,4088.97542020506
CIV,2005,4032.27570780036
CIV,2006,4049.29028298687
CIV,2007,3999.72054350731
CIV,2008,4096.75377364759
CIV,2009,4151.08431510133
CIV,2010,4338.68457800736
CIV,2011,4017.43753814324
CIV,2012,4234.21187719492
CIV,2013,4597.22035890241
CIV,2014,4907.61080546543
CIV,2015,5110.90021438908
CIV,2016,5320.88582199186
CIV,2017,5556.1547631509
CIV,2018,5670.24199741353
CIV,2019,5894.92235259103
CIV,2020,5787.85814696561
CIV,2021,6045.20480490881
CIV,2022,6272.26395760029
CIV,2023,6520.89886459765
CIV,2024,6747.0379677706
CIV,2025,7014.84577693062
CMR,1990,4517.61887779618
CMR,1991,4220.65297387084
CMR,1992,3974.27759501196
CMR,1993,3556.31854424592
CMR,1994,3522.74885285749
CMR,1995,3526.54367510339
CMR,1996,3577.59204137871
CMR,1997,3641.70750463277
CMR,1998,3714.13212604236
CMR,1999,3780.06217282191
CMR,2000,3822.94425358926
CMR,2001,3884.87304812714
CMR,2002,3951.41936232132
CMR,2003,4054.78133246517
CMR,2004,4222.96638689885
CMR,2005,4199.72270969362
CMR,2006,4241.51744722821
CMR,2007,4302.6192630847
CMR,2008,4300.26640352464
CMR,2009,4286.57718166156
CMR,2010,4286.58302947378
CMR,2011,4307.85195558527
CMR,2012,4382.11120797355
CMR,2013,4473.57231896434
CMR,2014,4588.4864949903
CMR,2015,4698.66677843587
CMR,2016,4767.13186148953
CMR,2017,4797.97544185544
CMR,2018,4851.48003949961
CMR,2019,4882.35560028896
CMR,2020,4763.48194388066
CMR,2021,4793.55628200196
CMR,2022,4843.65038202917
CMR,2023,4875.25120768005
CMR,2024,4916.93354019494
CMR,2025,4945.95640965334
COD,1990,2403.9702501624
COD,1991,2129.44892037201
COD,1992,1842.54848506846
COD,1993,1538.39690697251
COD,1994,1410.05655376053
COD,1995,1362.1877957292
COD,1996,1322.58011961396
COD,1997,1228.39076846395
COD,1998,1176.05049796639
COD,1999,1088.65043726176
COD,2000,981.422080027189
COD,2001,930.85782608082
COD,2002,929.452807088884
COD,2003,953.044643242042
COD,2004,987.746920881562
COD,2005,1016.6338907666
COD,2006,1036.13329616563
COD,2007,1091.54081233234
COD,2008,1137.84087315488
COD,2009,1109.18311674431
COD,2010,1166.98306581442
COD,2011,1124.7720535769
COD,2012,1182.14074588327
COD,2013,1342.74156112016
COD,2014,1392.75841334673
COD,2015,1433.21579814709
COD,2016,1388.80163211633
COD,2017,1395.71961761712
COD,2018,1431.7285269693
COD,2019,1394.76461472893
COD,2020,1361.02791099008
COD,2021,1402.38560295221
COD,2022,1484.33841881449
COD,2023,1559.33806475859
COD,2024,1601.70926640422
COD,2025,1640.56621824278
COG,1990,8699.52683870615
COG,1991,8658.16145286005
COG,1992,8636.63719209923
COG,1993,8302.69726834941
COG,1994,7617.60750274811
COG,1995,7701.32468533336
COG,1996,7812.04779971641
COG,1997,7599.04815388587
COG,1998,7711.6321257605
COG,1999,7312.32665071621
COG,2000,7570.58279297342
COG,2001,7567.43916817104
COG,2002,7729.3889014189
COG,2003,7577.45630456352
COG,2004,7577.44597274153
COG,2005,7876.11806658285
COG,2006,8192.57979719023
COG,2007,7375.82454100145
COG,2008,7587.28826163492
COG,2009,8138.45033818822
COG,2010,8583.66179834288
COG,2011,8492.42098392103
COG,2012,9079.68656400891
COG,2013,8798.49382506314
COG,2014,9159.25664414045
COG,2015,8977.70681641417
COG,2016,8001.8255194505
COG,2017,7372.77046737599
COG,2018,7029.33651566257
COG,2019,6939.36913397466
COG,2020,6350.50913409722
COG,2021,6263.21161292636
COG,2022,6205.1050414034
COG,2023,6172.28776650683
COG,2024,6152.56509118442
COG,2025,6194.08981287756
COL,1990,9998.81069684463
COL,1991,9996.0978604328
COL,1992,10196.4329707468
COL,1993,10533.1149561734
COL,1994,10927.9389491607
COL,1995,11279.0004579347
COL,1996,11303.1308859186
COL,1997,11483.5050125907
COL,1998,11343.8799115733
COL,1999,10679.7092686089
COL,2000,10813.4942250011
COL,2001,10823.4504878807
COL,2002,10925.1485602082
COL,2003,11183.2911819793
COL,2004,11607.9384935105
COL,2005,11999.2549591305
COL,2006,12636.6246577724
COL,2007,13318.3033138168
COL,2008,13591.0609028567
COL,2009,13586.7518430982
COL,2010,14037.0642668639
COL,2011,14852.3699513061
COL,2012,15279.4790008058
COL,2013,15912.2471293239
COL,2014,16480.3631474161
COL,2015,16821.3801400631
COL,2016,17003.244366485
COL,2017,16986.0334182842
COL,2018,17104.1313545678
COL,2019,17336.7716030551
COL,2020,15861.4999291295
COL,2021,17383.0901728295
COL,2022,18458.7209460704
COL,2023,18406.6242338491
COL,2024,18481.8374929368
COL,2025,18778.6482631901
COM,1990,3178.85476893274
COM,1991,2911.0534990739
COM,1992,3061.03259257515
COM,1993,3082.2224161285
COM,1994,2907.42227508174
COM,1995,3018.45798673853
COM,1996,2951.78312614747
COM,1997,3029.34647330307
COM,1998,2978.37124465978
COM,1999,3004.69061726748
COM,2000,2917.87154106634
COM,2001,3013.38883096315
COM,2002,3085.93814937142
COM,2003,3085.59675447872
COM,2004,3121.51677555024
COM,2005,3231.72506154387
COM,2006,3111.62570879692
COM,2007,3074.7346796054
COM,2008,3133.75034704474
COM,2009,3171.6035546392
COM,2010,3226.63502045267
COM,2011,3293.83407668409
COM,2012,3330.52446059187
COM,2013,3406.49918649378
COM,2014,3403.41291459985
COM,2015,3370.5557232032
COM,2016,3411.77123523582
COM,2017,3472.07858942366
COM,2018,3528.95868167877
COM,2019,3522.66866952646
COM,2020,3447.47274904772
COM,2021,3449.0435745318
COM,2022,3465.8402271705
COM,2023,3508.15862331545
COM,2024,3556.0384263801
COM,2025,3621.76626304343
CPV,1990,1848.75865235574
CPV,1991,1830.07599656211
CPV,1992,1984.68062998835
CPV,1993,2111.62140814748
CPV,1994,2465.9939315017
CPV,1995,2763.39733371857
CPV,1996,3022.88825211585
CPV,1997,3302.9740337536
CPV,1998,3657.38118993776
CPV,1999,4006.47964718799
CPV,2000,4510.13573659758
CPV,2001,4540.90731780518
CPV,2002,4710.2410491228
CPV,2003,4841.265398715
CPV,2004,5268.30312485708
CPV,2005,5565.76951208069
CPV,2006,5941.38218091511
CPV,2007,6767.40677380347
CPV,2008,7169.13944155367
CPV,2009,6994.5740991365
CPV,2010,7072.12150207342
CPV,2011,7325.78441834692
CPV,2012,7397.82220702474
CPV,2013,7440.66242650114
CPV,2014,7491.02198228243
CPV,2015,7560.13649202469
CPV,2016,7881.30336227784
CPV,2017,8234.56000312459
CPV,2018,8531.12961646549
CPV,2019,9111.62993173269
CPV,2020,7207.86853962048
CPV,2021,7685.41921393669
CPV,2022,8850.1066918812
CPV,2023,9228.4604533114
CPV,2024,9825.53410093619
CPV,2025,10395.7415044012
CRI,1990,10979.788113325
CRI,1991,10946.3811047015
CRI,1992,11654.8187340805
CRI,1993,12173.6770672722
CRI,1994,12415.2629246683
CRI,1995,12623.5339424627
CRI,1996,12497.627359916
CRI,1997,12887.5255656264
CRI,1998,13505.0840975141
CRI,1999,13776.5829416464
CRI,2000,14025.6899537485
CRI,2001,14257.525071713
CRI,2002,14503.176481607
CRI,2003,14898.7197394794
CRI,2004,15330.8832332948
CRI,2005,15711.7451335337
CRI,2006,16628.3723014013
CRI,2007,17752.4161954513
CRI,2008,18343.0996854851
CRI,2009,17941.5019129465
CRI,2010,18670.1678827387
CRI,2011,19264.4566461776
CRI,2012,19970.6856013628
CRI,2013,20242.2938648319
CRI,2014,20735.1927258406
CRI,2015,21265.3176336354
CRI,2016,21936.4660575366
CRI,2017,22633.7648663302
CRI,2018,23069.8622241266
CRI,2019,23496.8294622995
CRI,2020,22368.1378072638
CRI,2021,24083.5988182437
CRI,2022,25290.0087466975
CRI,2023,26378.5409941926
CRI,2024,27325.0470476503
CRI,2025,28443.4127676388
CSS,1990,13162.50817302
CSS,1991,13229.3314985291
CSS,1992,13609.0960878126
CSS,1993,13531.1904323724
CSS,1994,13896.1730369525
CSS,1995,14183.60600347
CSS,1996,14758.1688733256
CSS,1997,15378.9315442969
CSS,1998,16003.3172609187
CSS,1999,16662.5372962138
CSS,2000,17296.2228314479
CSS,2001,17587.9901132672
CSS,2002,18212.1604431284
CSS,2003,19401.6022436606
CSS,2004,20312.502453739
CSS,2005,21377.7180302595
CSS,2006,23063.5796295601
CSS,2007,23894.0318898216
CSS,2008,24276.688065702
CSS,2009,23444.9921052209
CSS,2010,23751.9862978379
CSS,2011,23879.7224145257
CSS,2012,24784.9475718502
CSS,2013,25141.1881792488
CSS,2014,25633.4033879208
CSS,2015,25404.134970126
CSS,2016,24339.8256633701
CSS,2017,23920.5893237126
CSS,2018,24024.8178299696
CSS,2019,24095.6268884397
CSS,2020,22222.115107616
CSS,2021,23495.1590735021
CSS,2022,27023.5574621428
CSS,2023,29600.9530687074
CSS,2024,33971.5525013977
CSS,2025,36714.3154169311
CUW,2000,34307.1250633963
CUW,2001,35339.0648639949
CUW,2002,35435.9975763658
CUW,2003,34812.7911728195
CUW,2004,34288.7402384635
CUW,2005,33651.5045829526
CUW,2006,33334.8567825808
CUW,2007,33490.2551592184
CUW,2008,33795.131116557
CUW,2009,33397.3973952737
CUW,2010,33004.5542873273
CUW,2011,32704.3558692872
CUW,2012,32320.8770365245
CUW,2013,31753.384548357
CUW,2014,31128.6473361746
CUW,2015,30861.3207651786
CUW,2016,30209.7882553609
CUW,2017,29729.1013639498
CUW,2018,29256.8157865286
CUW,2019,28659.6559014065
CUW,2020,23669.7711519128
CUW,2021,24905.7684266978
CUW,2022,26734.6458998921
CUW,2023,27617.9204283638
CUW,2024,28762.0581566389
CYM,2006,92213.0760037266
CYM,2007,92343.7250815203
CYM,2008,89380.1507450505
CYM,2009,80631.8442229627
CYM,2010,76294.7650038522
CYM,2011,75094.8312990407
CYM,2012,73982.6781335848
CYM,2013,72988.7063433775
CYM,2014,73051.811230324
CYM,2015,73315.3845299162
CYM,2016,73941.8592413192
CYM,2017,74599.6799559357
CYM,2018,76124.5505976249
CYM,2019,77476.8409913609
CYM,2020,72183.1359045895
CYM,2021,74160.4914000191
CYM,2022,76735.3744333338
CYM,2023,79580.8872845653
CYM,2024,80996.6506641666
CYP,1990,27666.53515625
CYP,1991,27158.92578125
CYP,1992,28931.814453125
CYP,1993,28439.21484375
CYP,1994,29500.623046875
CYP,1995,31393.24609375
CYP,1996,31282.609375
CYP,1997,31656.830078125
CYP,1998,33181.98828125
CYP,1999,34452.72265625
CYP,2000,36121.6640625
CYP,2001,37146.84375
CYP,2002,38090.77734375
CYP,2003,38617.8125
CYP,2004,40019.92578125
CYP,2005,41362.09375
CYP,2006,42595.203125
CYP,2007,43823.76171875
CYP,2008,44295.62890625
CYP,2009,42253.38671875
CYP,2010,42102.28125
CYP,2011,41212.6875
CYP,2012,39190.22265625
CYP,2013,36650.5703125
CYP,2014,36104.90234375
CYP,2015,37258.5
CYP,2016,39500.8515625
CYP,2017,41417.98828125
CYP,2018,43510.03125
CYP,2019,45454.17578125
CYP,2020,43402.359375
CYP,2021,47632.5703125
CYP,2022,50840.9140625
CYP,2023,51674.90234375
CYP,2024,52861.8359375
CYP,2025,54103.26171875
CZE,1990,27918.1375190566
CZE,1991,24734.7702062546
CZE,1992,24584.3299626051
CZE,1993,24573.9914877529
CZE,1994,25279.7917961729
CZE,1995,26869.0197149398
CZE,1996,28021.6704584336
CZE,1997,27884.7397585343
CZE,1998,27801.4387801408
CZE,1999,28213.4555005997
CZE,2000,29427.4070011514
CZE,2001,30399.8730764283
CZE,2002,30919.5496618702
CZE,2003,31949.2963145034
CZE,2004,33452.3408000614
CZE,2005,35535.7479961511
CZE,2006,37786.8781740905
CZE,2007,39629.0061324728
CZE,2008,40328.3426630095
CZE,2009,38175.1422773334
CZE,2010,39097.3886218756
CZE,2011,39708.1626280195
CZE,2012,39347.0492956846
CZE,2013,39317.5535692377
CZE,2014,40158.0164275735
CZE,2015,42066.5759800801
CZE,2016,43069.4659744727
CZE,2017,45177.5226053634
CZE,2018,46301.082036029
CZE,2019,47763.6165520254
CZE,2020,45119.9387309139
CZE,2021,47796.0337408466
CZE,2022,48390.661678675
CZE,2023,47558.4106763314
CZE,2024,47972.53171792
CZE,2025,49292.4878713208
DEU,1990,42355.2860956177
DEU,1991,44195.7164731544
DEU,1992,44744.1399691155
DEU,1993,44018.4380932542
DEU,1994,45005.1589836478
DEU,1995,45548.4181139802
DEU,1996,45888.1269604813
DEU,1997,46670.7053500672
DEU,1998,47641.5271845024
DEU,1999,48624.6484373602
DEU,2000,49955.6461286496
DEU,2001,50687.6500447924
DEU,2002,50486.998248551
DEU,2003,50191.7219389611
DEU,2004,50786.0176463275
DEU,2005,51264.8193748941
DEU,2006,53307.1623767517
DEU,2007,54920.6589299724
DEU,2008,55513.7558858315
DEU,2009,52568.797424995
DEU,2010,54826.255453315
DEU,2011,57950.9589729677
DEU,2012,58110.3768512245
DEU,2013,58182.0766176953
DEU,2014,59203.2340879963
DEU,2015,59668.9890355282
DEU,2016,60504.5857417161
DEU,2017,61965.4342904965
DEU,2018,62481.1183971045
DEU,2019,62949.8932511855
DEU,2020,60299.5767710809
DEU,2021,62630.7748127737
DEU,2022,63777.9291029299
DEU,2023,63140.1949099669
DEU,2024,62654.602264023
DEU,2025,62823.7736648822
DJI,2013,4469.07409933135
DJI,2014,4705.04926772184
DJI,2015,4961.8681860592
DJI,2016,5226.50026106607
DJI,2017,5421.95649149613
DJI,2018,5590.50426604853
DJI,2019,5809.30455041341
DJI,2020,5791.47767679877
DJI,2021,5960.10807396825
DJI,2022,6180.67998594606
DJI,2023,6510.67859061619
DJI,2024,6871.12440453129
DJI,2025,7222.5498918753
DMA,1990,11311.5519762062
DMA,1991,11518.7646744945
DMA,1992,11747.6117144571
DMA,1993,11982.8592553573
DMA,1994,11979.3992504496
DMA,1995,12343.9001238545
DMA,1996,12737.8972359049
DMA,1997,13037.1491313755
DMA,1998,13563.4528199459
DMA,1999,13661.6785774172
DMA,2000,14054.6548016043
DMA,2001,14091.5491387572
DMA,2002,13640.70330575
DMA,2003,14398.0017636834
DMA,2004,14962.2456326016
DMA,2005,15080.5206040984
DMA,2006,15727.7053232323
DMA,2007,16560.5179009944
DMA,2008,17738.0405685048
DMA,2009,17534.0339616963
DMA,2010,17516.7879573152
DMA,2011,17475.0411061698
DMA,2012,17431.1288003063
DMA,2013,17282.6368040368
DMA,2014,17520.8546265613
DMA,2015,16920.9126555668
DMA,2016,17364.0773046793
DMA,2017,16314.2295558891
DMA,2018,16877.1244880642
DMA,2019,17619.4335416769
DMA,2020,14919.5307686719
DMA,2021,15808.9743503945
DMA,2022,17550.8009946466
DMA,2023,18278.2253401989
DMA,2024,18739.3640404986
DMA,2025,19409.2900700194
DNK,1990,45943.8875401847
DNK,1991,46493.0175958032
DNK,1992,47276.8936589666
DNK,1993,47082.4674371864
DNK,1994,49408.2038213767
DNK,1995,50644.7074582221
DNK,1996,51817.1735416988
DNK,1997,53237.2951913962
DNK,1998,54278.2791190857
DNK,1999,55704.2583988925
DNK,2000,57585.8965553524
DNK,2001,57925.0542954115
DNK,2002,58003.8882572641
DNK,2003,58101.4809549972
DNK,2004,59560.4599503941
DNK,2005,60798.1351548444
DNK,2006,62911.3931382937
DNK,2007,63251.3169416725
DNK,2008,62618.4499382451
DNK,2009,59185.9677505533
DNK,2010,59856.3490860003
DNK,2011,60391.7799332206
DNK,2012,60161.7010660256
DNK,2013,60745.7784800252
DNK,2014,61210.9490922919
DNK,2015,62059.1285991721
DNK,2016,63468.9888246814
DNK,2017,64989.4459872347
DNK,2018,65870.8302554341
DNK,2019,66758.6323346131
DNK,2020,65379.3066120995
DNK,2021,69327.998216527
DNK,2022,69089.4692492289
DNK,2023,68993.9031100362
DNK,2024,71034.5789667138
DNK,2025,72723.2747867992
DOM,1990,7327.72670133751
DOM,1991,7246.24670144222
DOM,1992,7900.76809265865
DOM,1993,8318.49178576126
DOM,1994,8372.07169739279
DOM,1995,8685.01648557062
DOM,1996,9036.88352149896
DOM,1997,9671.14817881707
DOM,1998,10150.4460178993
DOM,1999,10582.0775939337
DOM,2000,10896.3184155964
DOM,2001,10991.1363420488
DOM,2002,11313.0690271273
DOM,2003,11000.8684059352
DOM,2004,11131.2709216332
DOM,2005,12022.5080544053
DOM,2006,12961.9183632133
DOM,2007,13754.9212674095
DOM,2008,14030.1411084465
DOM,2009,13992.4103270189
DOM,2010,14975.0010126958
DOM,2011,15258.0858148503
DOM,2012,15487.2776356321
DOM,2013,16054.7677297656
DOM,2014,16993.587444403
DOM,2015,17973.1870256815
DOM,2016,18968.9752386179
DOM,2017,19501.8743054078
DOM,2018,20662.848586153
DOM,2019,21451.286441995
DOM,2020,19545.4099552943
DOM,2021,22053.4589869955
DOM,2022,22986.95808105
DOM,2023,23282.4895071054
DOM,2024,24229.8894872915
DOM,2025,24543.3421843415
DZA,1990,11728.5457286791
DZA,1991,11314.8647351204
DZA,1992,11241.4154173757
DZA,1993,10743.7063534104
DZA,1994,10414.0348241407
DZA,1995,10588.4433695754
DZA,1996,10808.8788666941
DZA,1997,10725.9673493368
DZA,1998,11094.8875368585
DZA,1999,11292.0372997165
DZA,2000,11558.220469383
DZA,2001,11742.5946761225
DZA,2002,12213.1263531246
DZA,2003,12835.1814413331
DZA,2004,13226.7650481165
DZA,2005,13738.495644436
DZA,2006,13920.6940553701
DZA,2007,14114.6745192683
DZA,2008,14206.7767147039
DZA,2009,14104.42817214
DZA,2010,14496.4211312996
DZA,2011,14641.9640935685
DZA,2012,14697.5396133853
DZA,2013,14778.1914257233
DZA,2014,15073.7629403565
DZA,2015,15239.5171456469
DZA,2016,15511.6858768094
DZA,2017,15427.6641894713
DZA,2018,15343.4261222434
DZA,2019,15199.1989965639
DZA,2020,14194.1557479619
DZA,2021,14496.8654697299
DZA,2022,14782.2002970247
DZA,2023,15159.3242373415
DZA,2024,15501.9197003966
DZA,2025,15882.7138836328
EAP,1990,2513.1487677609
EAP,1991,2666.15847561936
EAP,1992,2897.38054762255
EAP,1993,3154.22243254223
EAP,1994,3429.01430264914
EAP,1995,3708.17880793941
EAP,1996,3982.14753018414
EAP,1997,4193.60794358361
EAP,1998,4182.86610637194
EAP,1999,4381.37967627433
EAP,2000,4657.55912991458
EAP,2001,4911.18611043866
EAP,2002,5242.15464773335
EAP,2003,5642.12208266042
EAP,2004,6083.62646258877
EAP,2005,6602.09453263948
EAP,2006,7224.84831620106
EAP,2007,8000.20286461305
EAP,2008,8584.68636024927
EAP,2009,9145.84848053611
EAP,2010,9942.07092081734
EAP,2011,10666.0705659069
EAP,2012,11359.2197969153
EAP,2013,12057.8749648364
EAP,2014,12769.1981633624
EAP,2015,13493.524313755
EAP,2016,14243.7964258558
EAP,2017,15060.2232906328
EAP,2018,15925.0623768718
EAP,2019,16754.1433686202
EAP,2020,16816.4721820442
EAP,2021,17966.100209993
EAP,2022,18600.2319795149
EAP,2023,19523.6746417972
EAP,2024,20453.9723473779
EAP,2025,21435.1082238095
EAR,1990,5094.58000282578
EAR,1991,5176.4691535485
EAR,1992,5275.31844008233
EAR,1993,5350.58319117121
EAR,1994,5435.79578706418
EAR,1995,5504.46043289625
EAR,1996,5715.41959390182
EAR,1997,5864.23089997442
EAR,1998,5882.7706675039
EAR,1999,5943.9253223166
EAR,2000,6087.28134364184
EAR,2001,6085.68280987423
EAR,2002,6127.9339354675
EAR,2003,6349.71825063627
EAR,2004,6636.18276752838
EAR,2005,6923.1133842399
EAR,2006,7235.7951660671
EAR,2007,7545.60161194471
EAR,2008,7695.4992635113
EAR,2009,7719.71496411512
EAR,2010,8103.6486900692
EAR,2011,8395.01641616273
EAR,2012,8611.15721165569
EAR,2013,8851.68203650431
EAR,2014,9135.22651387837
EAR,2015,9461.90923467549
EAR,2016,9809.61992015041
EAR,2017,10168.9948852815
EAR,2018,10473.9534525465
EAR,2019,10646.4619363587
EAR,2020,10109.6737751343
EAR,2021,10742.1039496291
EAR,2022,11282.8843924963
EAR,2023,11661.5918962624
EAR,2024,12032.0275625524
EAR,2025,12466.162672463
EAS,1990,5815.80021369785
EAS,1991,6046.55264045727
EAS,1992,6279.9291302151
EAS,1993,6524.51465914088
EAS,1994,6836.72715110799
EAS,1995,7182.17200720928
EAS,1996,7538.4595892928
EAS,1997,7796.61482535403
EAS,1998,7692.32586829206
EAS,1999,7934.29251535724
EAS,2000,8325.62081782919
EAS,2001,8556.30560152029
EAS,2002,8914.78213693978
EAS,2003,9336.59013882495
EAS,2004,9862.16262997671
EAS,2005,10431.1095006537
EAS,2006,11097.9739919682
EAS,2007,11921.896725096
EAS,2008,12431.1482309746
EAS,2009,12758.3950797594
EAS,2010,13696.2947762482
EAS,2011,14400.6590412877
EAS,2012,15098.1782758143
EAS,2013,15817.3941720124
EAS,2014,16527.9651914163
EAS,2015,17242.0281854081
EAS,2016,17975.4681423015
EAS,2017,18809.5074896107
EAS,2018,19664.4172118015
EAS,2019,20432.9804270249
EAS,2020,20334.2253803516
EAS,2021,21598.5847592384
EAS,2022,22275.3875573423
EAS,2023,23181.8602930067
EAS,2024,24094.1594209983
EAS,2025,25109.70880219
ECA,1990,13647.5218632343
ECA,1991,12680.1183648226
ECA,1992,11661.1909652458
ECA,1993,10874.0362896797
ECA,1994,9361.8463599444
ECA,1995,9084.0513672276
ECA,1996,9138.666641631
ECA,1997,9480.64494445158
ECA,1998,9612.48741097623
ECA,1999,9523.09025713947
ECA,2000,10114.3121953416
ECA,2001,10283.066909886
ECA,2002,10877.3148937274
ECA,2003,11606.5555262176
ECA,2004,12698.5310733665
ECA,2005,13619.1025396081
ECA,2006,14697.18588924
ECA,2007,15787.6955451826
ECA,2008,16210.0504480826
ECA,2009,15297.0834587453
ECA,2010,16161.7210700137
ECA,2011,17230.7820985073
ECA,2012,17669.0165699365
ECA,2013,18466.622777594
ECA,2014,18576.9583888343
ECA,2015,18721.7381996886
ECA,2016,19031.7409328875
ECA,2017,19877.8402506784
ECA,2018,20447.4402502475
ECA,2019,20830.979013781
ECA,2020,20592.416057405
ECA,2021,22179.1768626
ECA,2022,22334.4443361062
ECA,2023,23625.9236116503
ECA,2024,24430.2175202769
ECA,2025,25132.8305706883
ECS,1990,28257.1525033219
ECS,1991,27767.2881602329
ECS,1992,26853.5572948704
ECS,1993,26210.3492165114
ECS,1994,25912.8528023106
ECS,1995,26271.0760840145
ECS,1996,26569.1426430265
ECS,1997,27276.214482002
ECS,1998,27765.4601072202
ECS,1999,28544.0723106015
ECS,2000,29894.2044586737
ECS,2001,30618.862698665
ECS,2002,31205.0666750463
ECS,2003,31923.9529324761
ECS,2004,33095.6532013292
ECS,2005,34097.2420817179
ECS,2006,35577.2638014529
ECS,2007,37062.8036849749
ECS,2008,37541.0289513637
ECS,2009,35593.628989975
ECS,2010,36489.0686918933
ECS,2011,37429.4390620427
ECS,2012,37554.903030647
ECS,2013,37826.0934997704
ECS,2014,38307.7252927013
ECS,2015,38753.9033161838
ECS,2016,39278.9171415545
ECS,2017,40335.4288573608
ECS,2018,41177.7339574417
ECS,2019,41861.0781841263
ECS,2020,39782.3728089927
ECS,2021,42434.0454804633
ECS,2022,43537.4882557812
ECS,2023,44220.8251180735
ECS,2024,44981.3192926243
ECS,2025,45607.9387738345
ECU,1990,9104.81599790272
ECU,1991,9292.61779173762
ECU,1992,9291.3710483042
ECU,1993,9284.31503431235
ECU,1994,9494.17506194696
ECU,1995,9525.17701832407
ECU,1996,9509.27540633173
ECU,1997,9739.26682428016
ECU,1998,9876.7507512592
ECU,1999,9242.96681019585
ECU,2000,9183.05155276919
ECU,2001,9405.11680690106
ECU,2002,9697.55517665978
ECU,2003,9802.81408202125
ECU,2004,10290.6634264766
ECU,2005,10660.2046228939
ECU,2006,10933.4897470283
ECU,2007,10952.8226853948
ECU,2008,11474.5257023541
ECU,2009,11403.5277978831
ECU,2010,11665.6978598204
ECU,2011,12449.0785549218
ECU,2012,12961.0267423765
ECU,2013,13689.1520460125
ECU,2014,14064.7992246727
ECU,2015,13881.5700738105
ECU,2016,13586.5160772568
ECU,2017,14179.1537503305
ECU,2018,14083.5069982304
ECU,2019,13870.4895118068
ECU,2020,12440.3263747814
ECU,2021,13507.4445638375
ECU,2022,14186.6388544625
ECU,2023,14321.1648295611
ECU,2024,13922.4222780744
ECU,2025,14319.2406558299
EGY,1990,8006.62143740129
EGY,1991,7876.55257552889
EGY,1992,8034.56230124583
EGY,1993,8079.05480679221
EGY,1994,8221.04684774388
EGY,1995,8423.57817498243
EGY,1996,8662.33147868251
EGY,1997,8950.6541069311
EGY,1998,9245.47890468363
EGY,1999,9588.8593851379
EGY,2000,9981.62775081593
EGY,2001,10117.3331821542
EGY,2002,10143.5063456555
EGY,2003,10250.376550149
EGY,2004,10451.8217511529
EGY,2005,10700.6090372525
EGY,2006,11211.8320228671
EGY,2007,11782.0060717026
EGY,2008,12391.5847624938
EGY,2009,12728.0814587564
EGY,2010,13128.9878334831
EGY,2011,13082.4263680239
EGY,2012,13076.8052394876
EGY,2013,13058.0748238237
EGY,2014,13136.3656298099
EGY,2015,13425.9119599492
EGY,2016,13727.3201600816
EGY,2017,14018.3605934411
EGY,2018,14488.2094340261
EGY,2019,15026.568243683
EGY,2020,15309.2359881835
EGY,2021,15579.0160861551
EGY,2022,16360.390775011
EGY,2023,16691.3873991962
EGY,2024,16798.151577838
EGY,2025,17265.1488604617
EMU,1990,37247.3911756829
EMU,1991,37879.5743504232
EMU,1992,38062.3856274222
EMU,1993,37627.58900601
EMU,1994,38450.1413555838
EMU,1995,39321.7879542568
EMU,1996,39943.8747124253
EMU,1997,40911.6060494674
EMU,1998,42064.6142178215
EMU,1999,43176.6145816034
EMU,2000,44733.6547581208
EMU,2001,45611.9621128616
EMU,2002,45891.2509030803
EMU,2003,46049.3477888474
EMU,2004,46891.9654959632
EMU,2005,47524.4605129111
EMU,2006,48915.1525453044
EMU,2007,50167.5925974003
EMU,2008,50163.9012074228
EMU,2009,47740.2973322669
EMU,2010,48591.055785738
EMU,2011,49493.9221375454
EMU,2012,48904.1161236867
EMU,2013,48741.8654499657
EMU,2014,49365.1435330313
EMU,2015,50293.9078769481
EMU,2016,51089.957079337
EMU,2017,52337.9135018369
EMU,2018,53176.6368877298
EMU,2019,53928.4684797856
EMU,2020,50532.2927661621
EMU,2021,53780.959568799
EMU,2022,55638.6407909597
EMU,2023,55706.2816060906
EMU,2024,56054.0977302368
EMU,2025,56676.7262752115
ESP,1990,31773.2267420042
ESP,1991,32499.3481371902
ESP,1992,32641.082719936
ESP,1993,32137.3138437727
ESP,1994,32746.9287826598
ESP,1995,33501.7314182929
ESP,1996,34232.3786868602
ESP,1997,35312.0862854389
ESP,1998,36679.0942334698
ESP,1999,38141.316878689
ESP,2000,39945.8971298178
ESP,2001,41224.2924057393
ESP,2002,41766.0378188791
ESP,2003,42223.130174522
ESP,2004,42793.3902326006
ESP,2005,43570.7652574033
ESP,2006,44572.6815459931
ESP,2007,45301.2843416374
ESP,2008,44926.348951812
ESP,2009,42852.220888454
ESP,2010,42695.5274189933
ESP,2011,42271.8346788238
ESP,2012,41034.0481566356
ESP,2013,40594.914008768
ESP,2014,41339.4111169417
ESP,2015,43053.761430314
ESP,2016,44274.6676149922
ESP,2017,45446.2508575695
ESP,2018,46325.2099441141
ESP,2019,46896.4171141424
ESP,2020,41553.4477945675
ESP,2021,44251.6658222621
ESP,2022,46733.4809780536
ESP,2023,47322.5937004504
ESP,2024,48460.2914069661
ESP,2025,49318.105559037
EST,1990,19161.4451588782
EST,1991,17717.3052283857
EST,1992,14223.9075668693
EST,1993,13757.0155625665
EST,1994,13823.5566022429
EST,1995,14709.5998060844
EST,1996,15666.1330451502
EST,1997,17913.7869992626
EST,1998,18871.6196795957
EST,1999,18736.15453395
EST,2000,20526.6606380865
EST,2001,21872.6593953112
EST,2002,23537.7156816601
EST,2003,25485.1613028986
EST,2004,27381.5350626694
EST,2005,30161.1996133966
EST,2006,33301.4945486206
EST,2007,35986.5161332684
EST,2008,34233.7643806167
EST,2009,29281.6798284656
EST,2010,30067.501040775
EST,2011,32453.1008476709
EST,2012,33765.4302075072
EST,2013,34481.0148921506
EST,2014,35720.3025335234
EST,2015,36353.0580520449
EST,2016,37466.5561839318
EST,2017,39529.785973279
EST,2018,40849.8473475564
EST,2019,42215.0343835811
EST,2020,40916.7194113327
EST,2021,44247.4198971873
EST,2022,43124.6196563775
EST,2023,41284.7746875532
EST,2024,41185.8348356109
EST,2025,41604.3226612806
ETH,1990,874.346936177412
ETH,1991,777.523566111367
ETH,1992,680.834766968487
ETH,1993,743.708485784759
ETH,1994,741.176623590106
ETH,1995,760.264345010486
ETH,1996,826.991658768996
ETH,1997,826.005218027215
ETH,1998,772.786646386223
ETH,1999,787.679577475987
ETH,2000,810.270749115591
ETH,2001,851.313428411291
ETH,2002,838.298046952135
ETH,2003,795.772138298998
ETH,2004,877.114494958363
ETH,2005,952.115666282409
ETH,2006,1024.72911937532
ETH,2007,1109.14330259683
ETH,2008,1193.74728331296
ETH,2009,1262.46398000981
ETH,2010,1381.19044650715
ETH,2011,1492.53396469943
ETH,2012,1576.76875733933
ETH,2013,1696.86515588665
ETH,2014,1821.39161772403
ETH,2015,1957.41454184551
ETH,2016,2084.84055616471
ETH,2017,2222.82824478259
ETH,2018,2311.16511656359
ETH,2019,2437.97046047967
ETH,2020,2516.54907638899
ETH,2021,2588.41310213778
ETH,2022,2655.59276743639
ETH,2023,2757.95923626099
ETH,2024,2892.22220162795
ETH,2025,3094.86811868352
EUU,1990,33422.6167234009
EUU,1991,33583.8536499109
EUU,1992,33682.8036907064
EUU,1993,33381.2785333714
EUU,1994,34198.7012748602
EUU,1995,35113.9235748767
EUU,1996,35774.041660238
EUU,1997,36637.8290089743
EUU,1998,37661.3103302901
EUU,1999,38687.8592366032
EUU,2000,40161.0962541705
EUU,2001,41009.6231907529
EUU,2002,41423.9551021717
EUU,2003,41730.1192122343
EUU,2004,42726.6206274142
EUU,2005,43477.091531045
EUU,2006,44947.0641658876
EUU,2007,46274.9825825459
EUU,2008,46521.2455019681
EUU,2009,44430.4810088447
EUU,2010,45251.0407991375
EUU,2011,46206.0702456512
EUU,2012,45788.921010839
EUU,2013,45724.832051248
EUU,2014,46455.5685991692
EUU,2015,47490.9137112119
EUU,2016,48336.5082885839
EUU,2017,49704.2541206968
EUU,2018,50737.2331625802
EUU,2019,51662.076917369
EUU,2020,48769.5135471727
EUU,2021,51968.4388292725
EUU,2022,53777.3333629812
EUU,2023,53861.7951609765
EUU,2024,54341.6257163912
EUU,2025,55086.9866170226
FIN,1990,38807.1185244347
FIN,1991,36326.0828945358
FIN,1992,34926.3833591341
FIN,1993,34486.7522555352
FIN,1994,35699.7203086225
FIN,1995,37069.62898136
FIN,1996,38301.5126175582
FIN,1997,40630.921767316
FIN,1998,42733.4455712897
FIN,1999,44505.7114770222
FIN,2000,46968.841714507
FIN,2001,48099.3014282794
FIN,2002,48792.4864789775
FIN,2003,49655.5451564067
FIN,2004,51494.705860401
FIN,2005,52744.048034135
FIN,2006,54653.981203281
FIN,2007,57313.2916474478
FIN,2008,57494.585352886
FIN,2009,52599.1487066911
FIN,2010,54017.9458623339
FIN,2011,55053.3906850323
FIN,2012,53957.6680986279
FIN,2013,53183.4286685126
FIN,2014,52710.7334867778
FIN,2015,52782.4873926277
FIN,2016,53984.6316254715
FIN,2017,55637.2262781223
FIN,2018,56226.337241343
FIN,2019,56922.4873163103
FIN,2020,55424.8574989208
FIN,2021,56790.3766177692
FIN,2022,57068.3056478074
FIN,2023,56051.7701129501
FIN,2024,55901.3202296588
FIN,2025,55735.2174921326
FJI,1990,7820.71719014994
FJI,1991,7547.67822517236
FJI,1992,7950.06641250914
FJI,1993,8067.80452251613
FJI,1994,8432.29830147964
FJI,1995,8600.09282044394
FJI,1996,8956.35014836853
FJI,1997,8669.25170884148
FJI,1998,8673.87811776484
FJI,1999,9328.60659779024
FJI,2000,9070.99318456826
FJI,2001,9157.80844623624
FJI,2002,9357.75382838604
FJI,2003,9361.4641667422
FJI,2004,9766.52774786586
FJI,2005,9745.58143908405
FJI,2006,9837.08586688962
FJI,2007,9672.29020465987
FJI,2008,9711.96604105756
FJI,2009,9536.81722352305
FJI,2010,9784.30360030575
FJI,2011,10020.6957548052
FJI,2012,10140.693585539
FJI,2013,10604.1559055372
FJI,2014,11183.3135250834
FJI,2015,11674.0633676202
FJI,2016,11951.9196738327
FJI,2017,12597.327485488
FJI,2018,13100.095939444
FJI,2019,13056.3310937089
FJI,2020,10812.0355014178
FJI,2021,10322.4279638854
FJI,2022,12118.3182710082
FJI,2023,13194.8047570404
FJI,2024,13592.4635937435
FJI,2025,13961.1183693541
FRA,1990,38655.8856842914
FRA,1991,38937.9522513749
FRA,1992,39331.9041920718
FRA,1993,39020.6141584284
FRA,1994,39801.3888979817
FRA,1995,40570.7169560557
FRA,1996,40990.7395148125
FRA,1997,41876.9330265158
FRA,1998,43162.5423856938
FRA,1999,44400.1357889191
FRA,2000,45922.4789363701
FRA,2001,46454.8706927365
FRA,2002,46610.7820717214
FRA,2003,46730.975806379
FRA,2004,47720.4413351103
FRA,2005,48257.4650937971
FRA,2006,49223.247197008
FRA,2007,50157.7837477634
FRA,2008,50068.2969141379
FRA,2009,48404.9657826363
FRA,2010,49130.422942344
FRA,2011,50085.6829779109
FRA,2012,49935.6269081617
FRA,2013,50066.5304324783
FRA,2014,50326.567863089
FRA,2015,50682.8953586333
FRA,2016,50984.075297832
FRA,2017,51895.5662985838
FRA,2018,52560.9536243841
FRA,2019,53448.5548849943
FRA,2020,49311.333409639
FRA,2021,52517.3354905855
FRA,2022,53673.8137406422
FRA,2023,54296.7230897731
FRA,2024,54799.3482689389
FRA,2025,55124.5392564395
FRO,2008,54263.326408917
FRO,2009,51534.6010087672
FRO,2010,51480.252003895
FRO,2011,53441.4369353384
FRO,2012,57524.5150997874
FRO,2013,60950.0309827571
FRO,2014,64019.4156670638
FRO,2015,64010.1614022331
FRO,2016,64156.3241575516
FRO,2017,65461.9113301074
FRO,2018,66192.0494379671
FRO,2019,68136.6617957112
FRO,2020,66037.9361506945
FRO,2021,68433.2144298182
FRO,2022,70268.4497197492
FRO,2023,71828.4342781841
FRO,2024,72113.6513885269
FSM,1990,3119.81174628461
FSM,1991,3290.66674033392
FSM,1992,3355.54826553826
FSM,1993,3552.11499566208
FSM,1994,3468.05346941417
FSM,1995,3672.43126126526
FSM,1996,3534.41608856405
FSM,1997,3304.11609456279
FSM,1998,3388.51252228873
FSM,1999,3417.46540014415
FSM,2000,3563.89180484484
FSM,2001,3618.3939602241
FSM,2002,3631.74876153373
FSM,2003,3701.13265140057
FSM,2004,3594.57718999286
FSM,2005,3710.19849742597
FSM,2006,3717.65782403635
FSM,2007,3684.20209326281
FSM,2008,3622.04886559734
FSM,2009,3702.36131622048
FSM,2010,3780.25132792653
FSM,2011,3917.44641481482
FSM,2012,3847.14743528337
FSM,2013,3696.74550378941
FSM,2014,3592.81901389543
FSM,2015,3739.35968767448
FSM,2016,3774.03193396948
FSM,2017,3838.04534289261
FSM,2018,3838.64054793262
FSM,2019,3965.05377269396
FSM,2020,3861.29319570301
FSM,2021,3955.73141317971
FSM,2022,3815.79465699672
FSM,2023,3841.27116510816
FSM,2024,3911.26631940407
FSM,2025,3934.6426835411
GAB,1990,23884.810699751
GAB,1991,24665.6792294333
GAB,1992,23268.9974720576
GAB,1993,23551.681253301
GAB,1994,23794.3149295166
GAB,1995,24344.1857400285
GAB,1996,24595.9719624869
GAB,1997,25359.6596581065
GAB,1998,25585.5077964038
GAB,1999,22713.714440326
GAB,2000,21717.2240796789
GAB,2001,21604.7804441769
GAB,2002,20981.4798584466
GAB,2003,20875.4549325844
GAB,2004,20438.9307066593
GAB,2005,20385.2899909124
GAB,2006,19224.1268658387
GAB,2007,19751.876221581
GAB,2008,18493.0921102783
GAB,2009,17911.1458491118
GAB,2010,18530.5760935497
GAB,2011,19153.0878200945
GAB,2012,19450.402706679
GAB,2013,19836.455485141
GAB,2014,20008.9899778716
GAB,2015,20147.7116201795
GAB,2016,19988.1755963186
GAB,2017,19555.707882916
GAB,2018,19225.5982574678
GAB,2019,19491.4067631396
GAB,2020,18681.4840738546
GAB,2021,18523.5798032135
GAB,2022,18662.0497970472
GAB,2023,18701.4227766323
GAB,2024,18923.6616609778
GAB,2025,18986.4738767293
GBR,1990,33530.9578151546
GBR,1991,32995.3948749055
GBR,1992,33332.3326389023
GBR,1993,34413.1904916462
GBR,1994,36025.9830963677
GBR,1995,37200.3789969484
GBR,1996,38076.0624470563
GBR,1997,39831.4492555823
GBR,1998,41004.8386335287
GBR,1999,42071.7055369651
GBR,2000,43818.3463079443
GBR,2001,44693.6612621755
GBR,2002,45265.4565169944
GBR,2003,46505.2798806788
GBR,2004,47317.027070979
GBR,2005,48304.6753205932
GBR,2006,49000.9535382241
GBR,2007,50045.9163092519
GBR,2008,49629.0498697349
GBR,2009,46995.5449961945
GBR,2010,47682.6525150443
GBR,2011,47714.2894262827
GBR,2012,48099.6594401942
GBR,2013,48600.5100807266
GBR,2014,49763.17387988
GBR,2015,50462.8329992477
GBR,2016,51168.2925796814
GBR,2017,52429.1275538988
GBR,2018,52983.039541197
GBR,2019,53374.0927628482
GBR,2020,47930.5490378931
GBR,2021,51840.4424245515
GBR,2022,53979.7679116234
GBR,2023,53423.4226338292
GBR,2024,53412.0647163589
GBR,2025,53993.1172607885
GEO,1990,12917.0944269361
GEO,1991,10120.1628881435
GEO,1992,5533.21082317728
GEO,1993,3882.02029747648
GEO,1994,3532.3200811072
GEO,1995,3762.81153750309
GEO,1996,4339.0046688347
GEO,1997,4951.81291757472
GEO,1998,5233.28837672816
GEO,1999,5495.24505052866
GEO,2000,5706.27236527837
GEO,2001,6074.08643017282
GEO,2002,6464.32539672648
GEO,2003,7227.73705960701
GEO,2004,7693.91525392067
GEO,2005,8485.58670534953
GEO,2006,9337.98906420101
GEO,2007,10567.2747164758
GEO,2008,10856.1031328003
GEO,2009,10553.0896395853
GEO,2010,11294.3685917112
GEO,2011,12288.6828861156
GEO,2012,13193.9596974054
GEO,2013,13913.0018245661
GEO,2014,14475.3135356035
GEO,2015,14936.8434116647
GEO,2016,15442.9564358054
GEO,2017,16237.6242230275
GEO,2018,17228.6790847503
GEO,2019,18186.8816465807
GEO,2020,17031.1440283426
GEO,2021,18915.6534005263
GEO,2022,20966.5280391134
GEO,2023,22590.5293649146
GEO,2024,24146.6234108645
GEO,2025,25135.7822457412
GHA,1990,2785.67114332501
GHA,1991,2859.82702166411
GHA,1992,2897.83543196858
GHA,1993,2964.26600943658
GHA,1994,2989.34731012131
GHA,1995,3039.68873031674
GHA,1996,3106.18555480388
GHA,1997,3160.44504053249
GHA,1998,3229.48228272631
GHA,1999,3290.26865235748
GHA,2000,3327.35199291767
GHA,2001,3369.50702508212
GHA,2002,3425.61820934278
GHA,2003,3507.75105744843
GHA,2004,3607.36522285021
GHA,2005,3721.30785741996
GHA,2006,3857.86154847605
GHA,2007,3923.12567803728
GHA,2008,4174.78124103364
GHA,2009,4269.16005861557
GHA,2010,4495.68916584106
GHA,2011,5005.36732498187
GHA,2012,5339.71321903045
GHA,2013,5593.77481886917
GHA,2014,5619.07233511591
GHA,2015,5607.36635657413
GHA,2016,5666.07795334591
GHA,2017,5993.63085211077
GHA,2018,6234.51208201488
GHA,2019,6508.24652305901
GHA,2020,6412.68541762469
GHA,2021,6607.50297378321
GHA,2022,6728.45413832472
GHA,2023,6808.53775003964
GHA,2024,7072.79879594445
GHA,2025,7357.83332993014
GIN,1990,2105.74729496232
GIN,1991,2075.99194302675
GIN,1992,2076.55062690695
GIN,1993,2115.8664959394
GIN,1994,2134.89769355787
GIN,1995,2171.72552153265
GIN,1996,2205.32363416973
GIN,1997,2272.41100463955
GIN,1998,2311.327353403
GIN,1999,2346.2701835771
GIN,2000,2358.28765608495
GIN,2001,2412.75161959628
GIN,2002,2498.13177495102
GIN,2003,2473.23418295471
GIN,2004,2477.50282602363
GIN,2005,2501.22160456279
GIN,2006,2478.61319510726
GIN,2007,2587.0048887648
GIN,2008,2629.5397474637
GIN,2009,2537.30645758746
GIN,2010,2594.83050344245
GIN,2011,2673.40873029955
GIN,2012,2762.90350938513
GIN,2013,2802.56007024474
GIN,2014,2834.96634347846
GIN,2015,2869.85157178732
GIN,2016,3099.78874189372
GIN,2017,3332.76576150531
GIN,2018,3455.64512638662
GIN,2019,3557.46233883145
GIN,2020,3630.99330577677
GIN,2021,3738.8051255133
GIN,2022,3792.01068836277
GIN,2023,3904.82395527998
GIN,2024,4016.34191385979
GIN,2025,4216.85970804544
GMB,1990,2653.78291392125
GMB,1991,2623.64161607507
GMB,1992,2604.26903326754
GMB,1993,2586.13041645703
GMB,1994,2508.1039153389
GMB,1995,2456.00078113606
GMB,1996,2439.04551648512
GMB,1997,2486.93798396527
GMB,1998,2502.76477124298
GMB,1999,2589.97773860396
GMB,2000,2658.61770579464
GMB,2001,2737.69610805906
GMB,2002,2578.557145742
GMB,2003,2682.47993310133
GMB,2004,2794.19352609118
GMB,2005,2653.64239155191
GMB,2006,2564.68653970519
GMB,2007,2567.15728802982
GMB,2008,2649.61119865306
GMB,2009,2745.32540574768
GMB,2010,2824.21259222517
GMB,2011,2519.83983255672
GMB,2012,2574.93509664061
GMB,2013,2572.44728941685
GMB,2014,2465.10971144823
GMB,2015,2495.95741601525
GMB,2016,2478.46055756999
GMB,2017,2533.18683710276
GMB,2018,2651.43281455826
GMB,2019,2750.82132179634
GMB,2020,2702.31919474482
GMB,2021,2777.79620978324
GMB,2022,2863.18049829859
GMB,2023,2963.59873467436
GMB,2024,3057.6841778633
GMB,2025,3166.62129644442
GNB,1990,1968.09061079555
GNB,1991,2024.85376829909
GNB,1992,1987.7391360013
GNB,1993,1963.5622486004
GNB,1994,1964.63002250373
GNB,1995,1999.94473972689
GNB,1996,2185.90344879946
GNB,1997,2284.02576620745
GNB,1998,1738.64946632342
GNB,1999,1992.852546394
GNB,2000,1974.74466342453
GNB,2001,2025.72675469878
GNB,2002,2054.08977413547
GNB,2003,2002.40206880451
GNB,2004,1979.69782670273
GNB,2005,2060.66663299612
GNB,2006,2065.2122797791
GNB,2007,2065.98983875944
GNB,2008,2105.67394178792
GNB,2009,2103.05813454823
GNB,2010,2164.26823755351
GNB,2011,2278.54751544448
GNB,2012,2180.74338832775
GNB,2013,2192.5927863603
GNB,2014,2156.33643676255
GNB,2015,2230.52993109779
GNB,2016,2293.37861360238
GNB,2017,2342.56110535416
GNB,2018,2373.64935653455
GNB,2019,2442.25868377476
GNB,2020,2456.01139053324
GNB,2021,2522.12869240841
GNB,2022,2600.802474483
GNB,2023,2660.81444655656
GNB,2024,2717.54206972499
GNB,2025,2814.08355940327
GNQ,1990,1122.81767364664
GNQ,1991,1070.82764283041
GNQ,1992,1390.47918482013
GNQ,1993,1487.81202528588
GNQ,1994,1672.34547535897
GNQ,1995,1892.11653062527
GNQ,1996,3033.84031220306
GNQ,1997,7296.10009809843
GNQ,1998,8684.6573083064
GNQ,1999,10492.4649475554
GNQ,2000,11767.4708814313
GNQ,2001,18031.964975074
GNQ,2002,20242.4309684399
GNQ,2003,21709.5751241959
GNQ,2004,28225.985816122
GNQ,2005,31302.957953874
GNQ,2006,32251.7680082519
GNQ,2007,35540.4477563657
GNQ,2008,39994.6159790647
GNQ,2009,38706.6052512135
GNQ,2010,33668.8740654852
GNQ,2011,34341.9342607505
GNQ,2012,35711.4919273537
GNQ,2013,32894.3693189101
GNQ,2014,31765.8997056851
GNQ,2015,27797.7942803179
GNQ,2016,24435.0645564801
GNQ,2017,22250.4389230263
GNQ,2018,20165.4795550607
GNQ,2019,18446.5916579681
GNQ,2020,17089.153726379
GNQ,2021,16821.4486470413
GNQ,2022,16932.7706827155
GNQ,2023,15302.1517835147
GNQ,2024,14997.7564392976
GNQ,2025,13786.3932934089
GRC,1990,26916.3125225704
GRC,1991,27419.6029332234
GRC,1992,27401.424003405
GRC,1993,26804.8537616148
GRC,1994,27204.3958682198
GRC,1995,27646.1476383588
GRC,1996,27905.1065690594
GRC,1997,28768.2401472217
GRC,1998,29592.525483114
GRC,1999,30263.0543705003
GRC,2000,31386.639783624
GRC,2001,32675.9292327768
GRC,2002,34081.0289759343
GRC,2003,35970.7016808475
GRC,2004,37811.4913664483
GRC,2005,38146.962971083
GRC,2006,40483.1569225337
GRC,2007,41796.2336918303
GRC,2008,41709.3877420312
GRC,2009,39886.2135496664
GRC,2010,37566.7483686263
GRC,2011,33906.4917435676
GRC,2012,31250.2268565956
GRC,2013,30762.4432227813
GRC,2014,31213.3765120298
GRC,2015,31347.976574604
GRC,2016,31468.6198471099
GRC,2017,31995.4108838386
GRC,2018,32722.3310444029
GRC,2019,33502.7506488997
GRC,2020,30487.1129331045
GRC,2021,33528.2271202515
GRC,2022,35828.1756641776
GRC,2023,36700.5134631055
GRC,2024,37474.2798239947
GRC,2025,38218.721628616
GRD,1990,8883.91901529785
GRD,1991,8932.30359919008
GRD,1992,8785.75882374895
GRD,1993,8548.03859699698
GRD,1994,8629.08629470408
GRD,1995,8750.81831848402
GRD,1996,9076.71902949207
GRD,1997,9467.7770534851
GRD,1998,10509.109807501
GRD,1999,11158.4897298503
GRD,2000,11625.050939182
GRD,2001,11333.2377092409
GRD,2002,11677.7034172407
GRD,2003,12726.5266219464
GRD,2004,12593.3546257337
GRD,2005,14211.8426569264
GRD,2006,13594.355159621
GRD,2007,14376.2824512778
GRD,2008,14463.560012123
GRD,2009,13463.580293958
GRD,2010,13354.9085012616
GRD,2011,13397.8500405513
GRD,2012,13161.3955324377
GRD,2013,13386.3189064112
GRD,2014,14287.9538720088
GRD,2015,15136.6966673773
GRD,2016,15640.8274503805
GRD,2017,16291.4894625979
GRD,2018,16964.852001696
GRD,2019,17036.9151689715
GRD,2020,14647.7451384876
GRD,2021,15290.250903138
GRD,2022,16376.4273099594
GRD,2023,17093.1562867447
GRD,2024,17484.5153919556
GRD,2025,18240.9934237926
GRL,1990,38137.5684896955
GRL,1991,38162.9342232621
GRL,1992,36343.125721052
GRL,1993,34578.3464998854
GRL,1994,36428.9123982244
GRL,1995,37584.0719088915
GRL,1996,38090.7089953713
GRL,1997,38581.2151944518
GRL,1998,41500.2312703294
GRL,1999,42072.0565017419
GRL,2000,44991.6751496134
GRL,2001,45405.8543742044
GRL,2002,44793.2704252565
GRL,2003,46649.0480779756
GRL,2004,49742.0582266726
GRL,2005,52189.001485462
GRL,2006,55243.7102798786
GRL,2007,56763.2387284359
GRL,2008,60506.1946272328
GRL,2009,61035.5672997071
GRL,2010,61863.2826915137
GRL,2011,61170.9203658321
GRL,2012,62111.1033086807
GRL,2013,61659.6415225985
GRL,2014,64799.3056628017
GRL,2015,63364.0536061164
GRL,2016,66245.7294730698
GRL,2017,66297.1790691281
GRL,2018,66887.6779268926
GRL,2019,68534.9419039133
GRL,2020,68533.7339902964
GRL,2021,69302.0088788237
GRL,2022,70681.2253902158
GRL,2023,71037.5372239623
GTM,1990,7594.73215267529
GTM,1991,7662.17099856969
GTM,1992,7822.2634402435
GTM,1993,7915.41059815185
GTM,1994,8018.28330821547
GTM,1995,8195.34970997959
GTM,1996,8222.06920351134
GTM,1997,8364.1651916099
GTM,1998,8559.99025739148
GTM,1999,8668.43099775145
GTM,2000,8770.40815272307
GTM,2001,8771.15927218783
GTM,2002,8901.54046462168
GTM,2003,8926.15771786373
GTM,2004,9003.86136388797
GTM,2005,9099.7275067528
GTM,2006,9386.00549814138
GTM,2007,9772.80992048501
GTM,2008,9889.57668418909
GTM,2009,9740.71387674159
GTM,2010,9825.022234198
GTM,2011,10032.0932829709
GTM,2012,10126.8330566224
GTM,2013,10297.8392994827
GTM,2014,10553.563988977
GTM,2015,10785.9583125957
GTM,2016,10872.5938902469
GTM,2017,11005.4592851719
GTM,2018,11192.3719192725
GTM,2019,11466.3764932197
GTM,2020,11097.1503902986
GTM,2021,11825.141273764
GTM,2022,12144.4800461597
GTM,2023,12380.3715121996
GTM,2024,12643.9841235004
GTM,2025,12986.5241144632
GUY,1990,5074.43109901682
GUY,1991,5396.46342590543
GUY,1992,5799.21836066806
GUY,1993,6247.86624866594
GUY,1994,6755.3286689231
GUY,1995,7071.21280005947
GUY,1996,7612.30424290021
GUY,1997,8064.56715164725
GUY,1998,7915.22956203951
GUY,1999,8139.97018415742
GUY,2000,8025.29326490962
GUY,2001,8212.04321760917
GUY,2002,8314.0272750321
GUY,2003,8267.42910545363
GUY,2004,8404.2001629708
GUY,2005,8256.52519071138
GUY,2006,8702.33133494001
GUY,2007,9354.08017716534
GUY,2008,9546.70875949436
GUY,2009,9924.52660770631
GUY,2010,10374.3947557656
GUY,2011,10958.8598838438
GUY,2012,11534.9985588659
GUY,2013,11896.9069854942
GUY,2014,12030.0529344045
GUY,2015,12040.08253302
GUY,2016,12420.4724727603
GUY,2017,12801.6408529346
GUY,2018,12980.3576003177
GUY,2019,13402.4219472757
GUY,2020,19234.1301977637
GUY,2021,22865.9270968882
GUY,2022,37068.1993827588
GUY,2023,49312.3603225444
GUY,2024,70516.7027944836
GUY,2025,83658.6773475997
HKG,1990,31598.7264606102
HKG,1991,33124.6445961019
HKG,1992,34895.7384690892
HKG,1993,36428.5238295824
HKG,1994,37767.182764774
HKG,1995,37905.6482894504
HKG,1996,37804.0797903194
HKG,1997,39402.5736869551
HKG,1998,36776.3657079191
HKG,1999,37339.8931803408
HKG,2000,39848.5593475546
HKG,2001,39777.8262391597
HKG,2002,40258.1488758671
HKG,2003,41570.5634425877
HKG,2004,44836.1768653659
HKG,2005,47938.8533561286
HKG,2006,50981.7296233058
HKG,2007,53813.022139769
HKG,2008,54630.3299120222
HKG,2009,53172.2884268262
HKG,2010,56355.409086809
HKG,2011,58672.8050185719
HKG,2012,59015.3179560955
HKG,2013,60601.6109212886
HKG,2014,61839.8044187474
HKG,2015,62779.7552386246
HKG,2016,63749.4285013369
HKG,2017,65662.8543379575
HKG,2018,66993.9592604441
HKG,2019,65388.3366418212
HKG,2020,61328.5367014193
HKG,2021,65884.9376260603
HKG,2022,64035.6484949629
HKG,2023,64387.6654066058
HKG,2024,66186.0448635456
HKG,2025,68724.5565865756
HND,1990,1172.07980628643
HND,1991,1436.05066143143
HND,1992,1521.94721667467
HND,1993,1681.08238809432
HND,1994,2108.27414889925
HND,1995,2555.0262257932
HND,1996,3054.15773942696
HND,1997,3635.98071357513
HND,1998,3950.83498715855
HND,1999,4293.827231525
HND,2000,4579.68960840984
HND,2001,4578.94787944773
HND,2002,4627.02278723456
HND,2003,4714.86701000971
HND,2004,4885.34258343422
HND,2005,5056.67544412551
HND,2006,5263.15029099578
HND,2007,5461.90151889031
HND,2008,5566.70639487722
HND,2009,5313.75573967791
HND,2010,5396.07227927744
HND,2011,5488.43371596332
HND,2012,5600.6077605497
HND,2013,5644.13384802045
HND,2014,5705.16246265484
HND,2015,5812.5348879105
HND,2016,5926.49025534228
HND,2017,6099.60734919414
HND,2018,6219.27973775059
HND,2019,6264.01884276715
HND,2020,5603.26398377777
HND,2021,6202.98078812037
HND,2022,6352.58710177732
HND,2023,6467.8800352783
HND,2024,6590.84384301553
HND,2025,6726.16685066658
HPC,1990,2187.52118955495
HPC,1991,2150.14603492307
HPC,1992,2063.51832231083
HPC,1993,2007.61677310256
HPC,1994,1954.66051802449
HPC,1995,1995.76475593863
HPC,1996,2045.40358405021
HPC,1997,2105.06910780661
HPC,1998,2122.71276081406
HPC,1999,2134.25318452401
HPC,2000,2138.94626992117
HPC,2001,2156.32812750581
HPC,2002,2182.06409883944
HPC,2003,2208.5608106601
HPC,2004,2270.11907323143
HPC,2005,2331.37399166119
HPC,2006,2397.1939417711
HPC,2007,2461.47803585618
HPC,2008,2530.01937834394
HPC,2009,2550.8684428025
HPC,2010,2639.80319569525
HPC,2011,2673.5791083865
HPC,2012,2705.2877016826
HPC,2013,2791.50708497729
HPC,2014,2862.12644300329
HPC,2015,2914.03384890302
HPC,2016,2956.59086263144
HPC,2017,3016.38373115986
HPC,2018,3053.40944915716
HPC,2019,3094.41035211512
HPC,2020,3004.89506305001
HPC,2021,3038.71814072197
HPC,2022,3095.04042281375
HPC,2023,3113.88147842518
HPC,2024,3180.19389105204
HPC,2025,3276.21427940244
HRV,1990,23399.6397169629
HRV,1991,18812.8657379331
HRV,1992,17020.1669100237
HRV,1993,15570.3388433749
HRV,1994,16301.6858484798
HRV,1995,17522.5142510064
HRV,1996,18850.1633100668
HRV,1997,20110.2026198343
HRV,1998,20576.0127669018
HRV,1999,20489.3540108242
HRV,2000,21302.4117206381
HRV,2001,22826.7217624371
HRV,2002,24136.7810227804
HRV,2003,25473.5672036391
HRV,2004,26528.5369054362
HRV,2005,27641.1374713864
HRV,2006,29035.6749841445
HRV,2007,30508.3061279124
HRV,2008,31113.555007687
HRV,2009,29024.6640551953
HRV,2010,28701.8754573033
HRV,2011,28769.0229490882
HRV,2012,28259.1638073948
HRV,2013,28397.9820661555
HRV,2014,28456.3353756076
HRV,2015,29466.4506365792
HRV,2016,30820.8050421355
HRV,2017,32348.5888556174
HRV,2018,33729.5455811943
HRV,2019,35122.7966231008
HRV,2020,32493.4017010055
HRV,2021,36930.076102199
HRV,2022,39863.9109377649
HRV,2023,41320.257995772
HRV,2024,42828.7997273569
HRV,2025,44172.0442284906
HTI,1990,3923.2219575616
HTI,1991,3916.43139455701
HTI,1992,3635.13892826929
HTI,1993,3370.99533205147
HTI,1994,2911.49975345891
HTI,1995,3139.26416790518
HTI,1996,3207.74580313016
HTI,1997,3232.95524865654
HTI,1998,3242.45890119666
HTI,1999,3269.3988227012
HTI,2000,3237.53077898724
HTI,2001,3168.14454014466
HTI,2002,3145.03689680869
HTI,2003,3197.9365263707
HTI,2004,3102.54173985545
HTI,2005,3144.56353969437
HTI,2006,3146.2634386786
HTI,2007,3239.25745989841
HTI,2008,3270.41272369326
HTI,2009,3406.29486715549
HTI,2010,3176.50949040109
HTI,2011,3300.87444105175
HTI,2012,3266.43832519352
HTI,2013,3356.8373216264
HTI,2014,3403.57496642947
HTI,2015,3402.0283988016
HTI,2016,3415.58218112308
HTI,2017,3453.97142164659
HTI,2018,3465.25480573601
HTI,2019,3361.75328894114
HTI,2020,3210.53609854862
HTI,2021,3116.56505397604
HTI,2022,3029.77866381702
HTI,2023,2939.1237948199
HTI,2024,2783.79140882788
HTI,2025,2677.89385325549
HUN,1990,21297.0006406829
HUN,1991,18765.4162504008
HUN,1992,18197.5305521351
HUN,1993,18113.3369069655
HUN,1994,18672.707236547
HUN,1995,18977.2437047366
HUN,1996,19029.1137284914
HUN,1997,19635.2949600537
HUN,1998,20438.3829550506
HUN,1999,21128.8884639402
HUN,2000,22117.9204303193
HUN,2001,23069.2114730987
HUN,2002,24229.2953575981
HUN,2003,25255.8711300567
HUN,2004,26568.118861864
HUN,2005,27765.7886146197
HUN,2006,28903.0475407078
HUN,2007,29044.0669021254
HUN,2008,29384.0070385818
HUN,2009,27445.959458479
HUN,2010,27801.833816111
HUN,2011,28415.1173442897
HUN,2012,28179.656464434
HUN,2013,28891.0217544976
HUN,2014,30264.9492302161
HUN,2015,31485.5675425634
HUN,2016,32378.9674983075
HUN,2017,33828.714942571
HUN,2018,35798.0412754022
HUN,2019,37662.67681014
HUN,2020,36119.5211735652
HUN,2021,38887.1909527154
HUN,2022,40610.9711368238
HUN,2023,40333.2546888118
HUN,2024,40747.1986679668
HUN,2025,41160.6419140983
IBD,1990,6226.55848816473
IBD,1991,6116.49695550779
IBD,1992,6005.37538745985
IBD,1993,6031.65511499714
IBD,1994,6046.78733927862
IBD,1995,6163.32466106537
IBD,1996,6370.48500773132
IBD,1997,6579.50842367165
IBD,1998,6617.18640579533
IBD,1999,6787.76376116896
IBD,2000,7099.69521817635
IBD,2001,7274.65163572105
IBD,2002,7513.60301860085
IBD,2003,7867.92433928093
IBD,2004,8369.88369086676
IBD,2005,8847.83067056732
IBD,2006,9452.10929844277
IBD,2007,10148.6867255691
IBD,2008,10594.5033452448
IBD,2009,10692.0618809217
IBD,2010,11358.6063797168
IBD,2011,11906.6328014983
IBD,2012,12375.6300146684
IBD,2013,12836.6202127518
IBD,2014,13271.2499046005
IBD,2015,13669.8723851709
IBD,2016,14147.4607960246
IBD,2017,14720.5064051308
IBD,2018,15291.0398093318
IBD,2019,15754.9861909747
IBD,2020,15351.793172746
IBD,2021,16390.9943192501
IBD,2022,16933.9928182913
IBD,2023,17639.8861068054
IBD,2024,18338.0743917536
IBD,2025,19028.6079256468
IBT,1990,5548.66273196844
IBT,1991,5452.2495312981
IBT,1992,5355.4237024899
IBT,1993,5359.32382140701
IBT,1994,5355.78243124537
IBT,1995,5446.49004341279
IBT,1996,5616.38672275835
IBT,1997,5780.91318876713
IBT,1998,5808.923873925
IBT,1999,5937.18425113739
IBT,2000,6181.73646411766
IBT,2001,6320.01629864257
IBT,2002,6517.50123745662
IBT,2003,6797.92048003117
IBT,2004,7205.64090749456
IBT,2005,7590.28556742349
IBT,2006,8069.48276915284
IBT,2007,8616.07323944986
IBT,2008,8962.67822410779
IBT,2009,9045.73280749433
IBT,2010,9568.3350709632
IBT,2011,9988.65008164631
IBT,2012,10337.9564275594
IBT,2013,10698.1935593125
IBT,2014,11042.0933017783
IBT,2015,11346.1010341675
IBT,2016,11696.9848339604
IBT,2017,12123.4403274652
IBT,2018,12547.6065169327
IBT,2019,12882.9121398515
IBT,2020,12504.9017541415
IBT,2021,13248.8138127169
IBT,2022,13635.9169175484
IBT,2023,14120.5364644683
IBT,2024,14612.9957116519
IBT,2025,15101.5628016187
IDA,1990,2881.63737646334
IDA,1991,2864.64546122221
IDA,1992,2852.5005024677
IDA,1993,2800.5199208388
IDA,1994,2756.82232823884
IDA,1995,2782.82658467221
IDA,1996,2848.40139306913
IDA,1997,2883.58952063308
IDA,1998,2911.79072965262
IDA,1999,2922.98316074681
IDA,2000,2965.97750506692
IDA,2001,3016.92684889007
IDA,2002,3115.82523706753
IDA,2003,3190.64251168148
IDA,2004,3329.75784325758
IDA,2005,3456.76664335691
IDA,2006,3584.11990284593
IDA,2007,3712.03702353228
IDA,2008,3811.61684663031
IDA,2009,3918.73517951819
IDA,2010,4065.12933937447
IDA,2011,4166.33730689033
IDA,2012,4221.81968545851
IDA,2013,4342.25857072893
IDA,2014,4484.83927106283
IDA,2015,4584.99902568175
IDA,2016,4649.06174910145
IDA,2017,4743.55675240066
IDA,2018,4853.06226610071
IDA,2019,4940.15164754183
IDA,2020,4750.57582514097
IDA,2021,4825.30169071054
IDA,2022,4938.94976493355
IDA,2023,4987.31104092255
IDA,2024,5093.91764711448
IDA,2025,5220.75896307822
IDB,1990,4385.82960137348
IDB,1991,4338.34143209451
IDB,1992,4344.30591538365
IDB,1993,4209.84706453351
IDB,1994,4135.19963095432
IDB,1995,4118.57022841448
IDB,1996,4199.257021962
IDB,1997,4188.90516811605
IDB,1998,4194.86576836131
IDB,1999,4168.20857171203
IDB,2000,4209.1548816606
IDB,2001,4267.87486448223
IDB,2002,4439.21008957396
IDB,2003,4529.62135630622
IDB,2004,4746.79902014186
IDB,2005,4907.66392963546
IDB,2006,5061.17002152738
IDB,2007,5195.80808887477
IDB,2008,5272.70195837866
IDB,2009,5444.50751527268
IDB,2010,5622.53923702245
IDB,2011,5723.39316723438
IDB,2012,5846.37428459277
IDB,2013,6049.35770247292
IDB,2014,6263.27766334353
IDB,2015,6369.42234682599
IDB,2016,6379.73619945793
IDB,2017,6424.09547786649
IDB,2018,6540.02977425504
IDB,2019,6597.29007423325
IDB,2020,6248.18008980538
IDB,2021,6382.99566586346
IDB,2022,6554.67363673278
IDB,2023,6605.73413006609
IDB,2024,6743.39623530811
IDB,2025,6912.88243448469
IDN,1990,4873.05380133263
IDN,1991,5118.46789591815
IDN,1992,5357.3758979759
IDN,1993,5609.15178814269
IDN,1994,5931.23473426762
IDN,1995,6312.93453561158
IDN,1996,6695.40975787395
IDN,1997,6897.00236563331
IDN,1998,5897.68530859207
IDN,1999,5855.65800744994
IDN,2000,6056.38197842165
IDN,2001,6190.51954040991
IDN,2002,6381.94955179996
IDN,2003,6599.09193597034
IDN,2004,6843.54654972364
IDN,2005,7140.8545640704
IDN,2006,7434.48785352221
IDN,2007,7802.46406905954
IDN,2008,8165.06155116624
IDN,2009,8435.4557468629
IDN,2010,8848.22473702066
IDN,2011,9274.96955181702
IDN,2012,9708.61182531081
IDN,2013,10121.8141535043
IDN,2014,10504.3869411088
IDN,2015,10893.6621142169
IDN,2016,11319.6634287738
IDN,2017,11772.5743296107
IDN,2018,12262.2310300771
IDN,2019,12757.7850854842
IDN,2020,12388.5449268131
IDN,2021,12757.0746440204
IDN,2022,13334.2653947637
IDN,2023,13889.9495012858
IDN,2024,14470.7179806578
IDN,2025,15091.0088604652
IDX,1990,2088.47149305233
IDX,1991,2082.99544524376
IDX,1992,2058.25807564261
IDX,1993,2051.94467107569
IDX,1994,2024.45093507867
IDX,1995,2074.10174330687
IDX,1996,2130.92645303633
IDX,1997,2191.20412952559
IDX,1998,2231.01436074422
IDX,1999,2262.73573212869
IDX,2000,2305.71777037295
IDX,2001,2350.56945975774
IDX,2002,2409.06339482221
IDX,2003,2475.42243019989
IDX,2004,2570.49137459422
IDX,2005,2678.38937870739
IDX,2006,2791.29991947711
IDX,2007,2914.48488026821
IDX,2008,3025.02503325556
IDX,2009,3093.44360386607
IDX,2010,3220.42982449368
IDX,2011,3321.06989522982
IDX,2012,3337.81840982522
IDX,2013,3411.44081665014
IDX,2014,3514.87967351075
IDX,2015,3613.78023092134
IDX,2016,3711.89606197188
IDX,2017,3838.75766461121
IDX,2018,3948.52787213757
IDX,2019,4056.85050579817
IDX,2020,3958.34543039405
IDX,2021,4002.20344573931
IDX,2022,4086.6200282723
IDX,2023,4137.43602506399
IDX,2024,4231.54619614221
IDX,2025,4339.68090173229
IND,1990,2139.82749174123
IND,1991,2116.06939249228
IND,1992,2185.04046180678
IND,1993,2241.28535932488
IND,1994,2342.15609263829
IND,1995,2469.3516292637
IND,1996,2603.24632974171
IND,1997,2655.92939429507
IND,1998,2766.110488608
IND,1999,2954.0688560393
IND,2000,3010.42156148397
IND,2001,3097.16224022342
IND,2002,3157.26903770593
IND,2003,3346.8882902915
IND,2004,3551.04731213773
IND,2005,3770.39653173829
IND,2006,4011.08647585805
IND,2007,4253.82139046739
IND,2008,4322.48378983546
IND,2009,4595.37990753812
IND,2010,4913.87639723705
IND,2011,5098.67458775444
IND,2012,5303.50197767655
IND,2013,5567.49439418718
IND,2014,5905.10618204633
IND,2015,6301.67346968236
IND,2016,6741.14883185347
IND,2017,7116.03659185396
IND,2018,7492.62576755145
IND,2019,7702.17634811957
IND,2020,7186.86447099679
IND,2021,7818.65701757504
IND,2022,8347.38478647086
IND,2023,8870.55027609345
IND,2024,9416.05137044735
IND,2025,10039.0708910587
IRL,1990,29504.8772657821
IRL,1991,29901.8063008033
IRL,1992,30691.3955973094
IRL,1993,31360.6490651216
IRL,1994,33035.2362632759
IRL,1995,36032.7774732501
IRL,1996,38386.9116734053
IRL,1997,42192.5848112478
IRL,1998,45415.0455160312
IRL,1999,49634.5026736477
IRL,2000,53582.8313532284
IRL,2001,55534.5698068816
IRL,2002,57828.0116338414
IRL,2003,58608.3353816693
IRL,2004,61452.8660388324
IRL,2005,63579.7134384122
IRL,2006,64975.4086496251
IRL,2007,66475.8410142999
IRL,2008,62213.6453256462
IRL,2009,58446.726333492
IRL,2010,59107.4220740498
IRL,2011,59797.0537343463
IRL,2012,59303.0319813561
IRL,2013,60285.2376140094
IRL,2014,65463.1952541564
IRL,2015,80815.6415277345
IRL,2016,80760.0974145688
IRL,2017,87731.7897045734
IRL,2018,93115.8393498329
IRL,2019,96205.7961557005
IRL,2020,101793.447525871
IRL,2021,116702.85817485
IRL,2022,123007.47648651
IRL,2023,117659.728593716
IRL,2024,118833.312071751
IRL,2025,131338.444745041
IRN,1990,9656.00116894359
IRN,1991,10592.3319257222
IRN,1992,10727.4183671547
IRN,1993,10531.9952777275
IRN,1994,10333.4330005595
IRN,1995,10465.0259592685
IRN,1996,11010.0094976248
IRN,1997,11025.7202371524
IRN,1998,11101.507869196
IRN,1999,11163.6950736445
IRN,2000,11643.1218077696
IRN,2001,11739.0090911282
IRN,2002,12583.044990424
IRN,2003,13519.4501926929
IRN,2004,13807.1953114023
IRN,2005,13935.7743087596
IRN,2006,14320.6568534545
IRN,2007,15237.4237850549
IRN,2008,15091.2506521463
IRN,2009,15055.1494647199
IRN,2010,15729.9131707266
IRN,2011,15947.766097961
IRN,2012,15159.2948206531
IRN,2013,14734.740588719
IRN,2014,15262.8515760903
IRN,2015,14841.9048340737
IRN,2016,15920.3718021202
IRN,2017,16167.9677224227
IRN,2018,15364.8049052614
IRN,2019,14841.0751514998
IRN,2020,15381.5845437266
IRN,2021,15884.4276775963
IRN,2022,16377.9610645368
IRN,2023,17044.8173442641
IRN,2024,17484.1320140467
IRN,2025,16833.7821677117
IRQ,1990,10735.09411029
IRQ,1991,3819.16194826651
IRQ,1992,4916.26440292597
IRQ,1993,6105.04166284904
IRQ,1994,6044.87104810181
IRQ,1995,5969.66964096052
IRQ,1996,6419.36981876252
IRQ,1997,7545.72976100631
IRQ,1998,9871.73398030775
IRQ,1999,11237.8537439925
IRQ,2000,12702.1641950892
IRQ,2001,12529.6084050976
IRQ,2002,11144.0505255902
IRQ,2003,6849.3320080035
IRQ,2004,10210.5631004936
IRQ,2005,10078.4437646814
IRQ,2006,10568.9137652953
IRQ,2007,10853.8161022286
IRQ,2008,11511.9387643638
IRQ,2009,11470.5178061728
IRQ,2010,11816.8410150233
IRQ,2011,12267.5848940645
IRQ,2012,13357.0143882323
IRQ,2013,13712.931714296
IRQ,2014,13536.8227681399
IRQ,2015,13516.0271989173
IRQ,2016,15016.0920644557
IRQ,2017,14417.6306896454
IRQ,2018,14456.2357053191
IRQ,2019,14910.225032382
IRQ,2020,12827.6345392293
IRQ,2021,12731.7535755128
IRQ,2022,13433.3977166956
IRQ,2023,13202.3228073856
IRQ,2024,12725.0431260364
IRQ,2025,12191.5564658302
ISL,1990,43099.5786392572
ISL,1991,42507.6461691026
ISL,1992,40560.5700738208
ISL,1993,40677.5881237507
ISL,1994,41781.8302657718
ISL,1995,41604.2381180421
ISL,1996,43241.3554367229
ISL,1997,44664.5306286878
ISL,1998,47286.6358663221
ISL,1999,48539.3433136469
ISL,2000,50227.8408745363
ISL,2001,51468.3282267824
ISL,2002,51287.593729948
ISL,2003,52095.6402740564
ISL,2004,55576.6099806516
ISL,2005,58549.1358862183
ISL,2006,60434.3837931128
ISL,2007,64075.3098188208
ISL,2008,63963.7601392225
ISL,2009,58441.2719673968
ISL,2010,57225.1024282006
ISL,2011,57837.8604599413
ISL,2012,58203.6379459536
ISL,2013,59729.5439775397
ISL,2014,60199.1994872756
ISL,2015,61820.3618857662
ISL,2016,64759.2275423229
ISL,2017,65462.5033306299
ISL,2018,66703.0219398003
ISL,2019,65994.9860038103
ISL,2020,60617.143268851
ISL,2021,62720.7916832797
ISL,2022,66581.2441801002
ISL,2023,69268.1221404224
ISL,2024,68230.356652817
ISL,2025,68064.6854551866
ISR,1990,25340.9813271336
ISR,1991,25704.7207371288
ISR,1992,26758.4290726582
ISR,1993,27129.2193762452
ISR,1994,28399.3981907056
ISR,1995,29477.45829469
ISR,1996,30392.8973069758
ISR,1997,30713.159801923
ISR,1998,31250.1071698272
ISR,1999,31466.1683689237
ISR,2000,33278.5412285682
ISR,2001,32591.2116817431
ISR,2002,31892.5395978816
ISR,2003,31771.2115906733
ISR,2004,32665.8537052438
ISR,2005,33491.9913996395
ISR,2006,34744.8675092298
ISR,2007,36288.0655118571
ISR,2008,36795.4799112424
ISR,2009,36364.7843182661
ISR,2010,37686.3420833543
ISR,2011,39036.0247356871
ISR,2012,39245.5078117687
ISR,2013,40095.4756773092
ISR,2014,40795.6290927281
ISR,2015,40889.5989080834
ISR,2016,41914.5802977706
ISR,2017,42895.585129847
ISR,2018,43782.6526491689
ISR,2019,44492.1226967084
ISR,2020,42926.5415418584
ISR,2021,46151.100820403
ISR,2022,48132.3637205177
ISR,2023,47671.2476926086
ISR,2024,47388.7236682364
ISR,2025,48196.6345176562
ITA,1990,42656.7445101659
ITA,1991,43283.0204441901
ITA,1992,43614.4850883758
ITA,1993,43216.1096444751
ITA,1994,44136.7059141923
ITA,1995,45410.1391731091
ITA,1996,46008.2389303796
ITA,1997,46869.4256086419
ITA,1998,47701.3974191265
ITA,1999,48493.6651210308
ITA,2000,50353.4200415436
ITA,2001,51332.2904432567
ITA,2002,51369.1149098293
ITA,2003,51126.2585544038
ITA,2004,51495.0028841364
ITA,2005,51585.6445807938
ITA,2006,52304.2402949819
ITA,2007,52747.1905476807
ITA,2008,51806.3906176391
ITA,2009,48774.3916833748
ITA,2010,49301.6959141674
ITA,2011,49473.0149235634
ITA,2012,47795.9579360541
ITA,2013,46833.3615309303
ITA,2014,46825.6511245062
ITA,2015,47311.8255262709
ITA,2016,47987.8379581014
ITA,2017,48849.2183534756
ITA,2018,49355.8751913504
ITA,2019,49690.6298505274
ITA,2020,45505.0688708956
ITA,2021,49825.3934111848
ITA,2022,52333.3274270604
ITA,2023,52842.6288831758
ITA,2024,53284.8745049149
ITA,2025,53606.0789571011
JAM,1990,8879.65295231625
JAM,1991,9227.87613770652
JAM,1992,9315.8581885588
JAM,1993,10088.232357755
JAM,1994,10123.2339381488
JAM,1995,10257.8065381959
JAM,1996,10147.4641121652
JAM,1997,9939.66172862006
JAM,1998,9624.92935948127
JAM,1999,9650.43726482499
JAM,2000,9667.92474492316
JAM,2001,9736.06291757526
JAM,2002,9869.71291927176
JAM,2003,10169.7500243245
JAM,2004,10244.2066702878
JAM,2005,10278.6834382546
JAM,2006,10522.2367459591
JAM,2007,10622.4442829007
JAM,2008,10490.4686134498
JAM,2009,9992.97699539021
JAM,2010,9805.90172806302
JAM,2011,9932.48380946963
JAM,2012,9829.03510015044
JAM,2013,9839.96506606095
JAM,2014,9872.15913752129
JAM,2015,9931.89875715182
JAM,2016,10179.2536486158
JAM,2017,10391.0378224678
JAM,2018,10636.0929784551
JAM,2019,10816.3720391154
JAM,2020,9891.96932961548
JAM,2021,10430.6909771759
JAM,2022,11096.6377085321
JAM,2023,11398.8120394641
JAM,2024,11340.2638800451
JAM,2025,11357.915592063
JOR,1990,8241.80478655254
JOR,1991,7747.14378568886
JOR,1992,8402.68031410694
JOR,1993,8334.81403079152
JOR,1994,8339.88427710177
JOR,1995,8501.61905829876
JOR,1996,8395.63208718512
JOR,1997,8443.48146361982
JOR,1998,8499.07689804781
JOR,1999,8600.36943915146
JOR,2000,8781.60904744228
JOR,2001,9056.19447281902
JOR,2002,9380.11324124271
JOR,2003,9556.48163712053
JOR,2004,10127.8527547101
JOR,2005,10684.9424228538
JOR,2006,10834.8737267915
JOR,2007,11034.2922176813
JOR,2008,11555.728825835
JOR,2009,11888.6617212582
JOR,2010,11942.572010796
JOR,2011,11988.4963110815
JOR,2012,12104.1217423938
JOR,2013,11804.1225335126
JOR,2014,11086.6905487513
JOR,2015,10469.6306302225
JOR,2016,10197.5044990617
JOR,2017,10220.492781193
JOR,2018,10183.0248366235
JOR,2019,10168.3588523537
JOR,2020,9872.3094512325
JOR,2021,10056.5611261239
JOR,2022,10158.4738771524
JOR,2023,10308.7821986337
JOR,2024,10468.265334284
JOR,2025,10794.2402687732
JPN,1990,36137.8442587458
JPN,1991,37226.3339021829
JPN,1992,37402.9442395168
JPN,1993,37088.8020049844
JPN,1994,37352.6868581318
JPN,1995,38137.9346304016
JPN,1996,39221.765120663
JPN,1997,39661.7312762235
JPN,1998,38852.9526557943
JPN,1999,38647.2705275615
JPN,2000,39731.7953686304
JPN,2001,39748.9837725849
JPN,2002,39690.3676794625
JPN,2003,40152.1282635641
JPN,2004,40986.7225710497
JPN,2005,41740.352036905
JPN,2006,42358.9337348253
JPN,2007,43041.5697058021
JPN,2008,42518.8423408417
JPN,2009,39999.9464203408
JPN,2010,41647.0458542008
JPN,2011,41640.6608721251
JPN,2012,42394.9433175064
JPN,2013,43304.1181931426
JPN,2014,43754.438013293
JPN,2015,44589.3032854003
JPN,2016,44926.6202909525
JPN,2017,45693.3776080987
JPN,2018,46133.0225978718
JPN,2019,46055.3498672487
JPN,2020,44212.5503415724
JPN,2021,45999.4617966896
JPN,2022,46819.360613609
JPN,2023,47387.2172542523
JPN,2024,47479.8448545667
JPN,2025,48283.3723959465
KAZ,1990,16837.690749004
KAZ,1991,14877.5273541269
KAZ,1992,14045.1035780375
KAZ,1993,12795.8746425372
KAZ,1994,11334.9831283773
KAZ,1995,10600.3302270095
KAZ,1996,10857.4353898737
KAZ,1997,11298.5805497095
KAZ,1998,11364.0307809315
KAZ,1999,11815.7732115429
KAZ,2000,12935.864368308
KAZ,2001,14612.0290050498
KAZ,2002,15960.8738450013
KAZ,2003,17344.752672995
KAZ,2004,18886.5811908122
KAZ,2005,20565.5294470866
KAZ,2006,22574.3429577665
KAZ,2007,24351.3464102542
KAZ,2008,24895.6645683245
KAZ,2009,24901.3527260084
KAZ,2010,26374.8407672795
KAZ,2011,27946.1603432944
KAZ,2012,28881.2417563728
KAZ,2013,30177.4887221736
KAZ,2014,30986.4379168995
KAZ,2015,30893.7594851041
KAZ,2016,30758.3227260598
KAZ,2017,31524.4416339794
KAZ,2018,32330.2274546567
KAZ,2019,33298.2123695035
KAZ,2020,32011.5491499004
KAZ,2021,32945.8515725823
KAZ,2022,33506.2614893237
KAZ,2023,34703.2349286604
KAZ,2024,35973.9633287017
KAZ,2025,37850.5791042984
KEN,1990,4177.48603310346
KEN,1991,4102.47677512965
KEN,1992,3946.84093437851
KEN,1993,3844.92029783599
KEN,1994,3833.22357838589
KEN,1995,3890.0985511465
KEN,1996,3941.40919481353
KEN,1997,3853.37139280354
KEN,1998,3871.82176322447
KEN,1999,3848.46470612727
KEN,2000,3756.63622296879
KEN,2001,3778.25854755615
KEN,2002,3681.2569427491
KEN,2003,3674.08592758409
KEN,2004,3743.56785736929
KEN,2005,3844.73557120578
KEN,2006,3970.73349887685
KEN,2007,4116.45094720856
KEN,2008,4002.88364073792
KEN,2009,4012.19428382397
KEN,2010,4211.52462957784
KEN,2011,4307.10611556858
KEN,2012,4387.93790075409
KEN,2013,4443.371215682
KEN,2014,4558.55155266374
KEN,2015,4679.62182831938
KEN,2016,4770.31046388086
KEN,2017,4846.86210851932
KEN,2018,5017.66784674664
KEN,2019,5171.71264279257
KEN,2020,5057.40115537429
KEN,2021,5338.85243382781
KEN,2022,5491.69378280246
KEN,2023,5691.82513474417
KEN,2024,5841.59866001706
KEN,2025,5995.40177895632
KGZ,1990,6095.68108610235
KGZ,1991,5520.42979891313
KGZ,1992,4701.99138098658
KGZ,1993,3973.88323931033
KGZ,1994,3176.92381882726
KGZ,1995,2974.71163891294
KGZ,1996,3138.66615671114
KGZ,1997,3399.93427126665
KGZ,1998,3419.22330736215
KGZ,1999,3491.93773268741
KGZ,2000,3638.46314292227
KGZ,2001,3795.89059344129
KGZ,2002,3760.53239965257
KGZ,2003,3982.92722017802
KGZ,2004,4211.52248307857
KGZ,2005,4156.95849230116
KGZ,2006,4240.17017797554
KGZ,2007,4558.71267894172
KGZ,2008,4894.9427801376
KGZ,2009,4969.96132720374
KGZ,2010,4876.47964886483
KGZ,2011,5092.85165751678
KGZ,2012,4993.39431683528
KGZ,2013,5418.54061993935
KGZ,2014,5513.7544695252
KGZ,2015,5600.2143342846
KGZ,2016,5715.01041179003
KGZ,2017,5861.22200040503
KGZ,2018,5951.82876758606
KGZ,2019,6087.60193826927
KGZ,2020,5537.79547319377
KGZ,2021,5736.47883415154
KGZ,2022,6139.77788825006
KGZ,2023,6575.77541290499
KGZ,2024,7210.57669830499
KGZ,2025,7878.4491366966
KHM,1990,2646.09798836687
KHM,1991,2731.37973720314
KHM,1992,2769.4882552665
KHM,1993,2714.59150059884
KHM,1994,1650.39100001816
KHM,1995,1672.73928514136
KHM,1996,1643.01579058314
KHM,1997,1595.17130656935
KHM,1998,1602.38371208931
KHM,1999,1775.41239802043
KHM,2000,1922.03179092592
KHM,2001,2032.08092022373
KHM,2002,2126.34150468987
KHM,2003,2309.83931482788
KHM,2004,2491.30930003838
KHM,2005,2781.89028895255
KHM,2006,3041.10471220153
KHM,2007,3308.15747246544
KHM,2008,3501.9257021932
KHM,2009,3587.60889588362
KHM,2010,3711.53750580157
KHM,2011,3921.97911563308
KHM,2012,4159.16354123446
KHM,2013,4419.3988680186
KHM,2014,4702.73061823207
KHM,2015,4968.57276699143
KHM,2016,5283.72964943779
KHM,2017,5632.03125629342
KHM,2018,6050.59088262205
KHM,2019,6448.88455952805
KHM,2020,6128.78243783335
KHM,2021,6225.53265474741
KHM,2022,6458.3681488084
KHM,2023,6695.29194763723
KHM,2024,7011.58146903703
KHM,2025,7300.08078250634
KIR,1990,2213.82383793259
KIR,1991,2047.41606309396
KIR,1992,2496.31621103546
KIR,1993,2455.76448938155
KIR,1994,2469.03750427619
KIR,1995,2499.10778181477
KIR,1996,2455.81569397419
KIR,1997,2439.722674441
KIR,1998,2503.18275861743
KIR,1999,2364.64913231153
KIR,2000,2481.73318329794
KIR,2001,2357.88396425016
KIR,2002,2341.99557733328
KIR,2003,2258.32313744125
KIR,2004,2199.95258272342
KIR,2005,2184.06094408808
KIR,2006,2264.4516846113
KIR,2007,2286.73943693111
KIR,2008,2172.63601744656
KIR,2009,2138.23987425041
KIR,2010,2119.91176706204
KIR,2011,2150.65854434166
KIR,2012,2242.30105765006
KIR,2013,2382.67559474112
KIR,2014,2381.65349253168
KIR,2015,2616.17635911711
KIR,2016,2762.28741039854
KIR,2017,2822.02092296284
KIR,2018,2875.41766341166
KIR,2019,2926.59366475855
KIR,2020,2839.17274622563
KIR,2021,3024.21029665634
KIR,2022,3127.17745381556
KIR,2023,3175.02475728903
KIR,2024,3275.00186630433
KIR,2025,3363.99521326766
KNA,1990,14326.0410656507
KNA,1991,14084.6831940102
KNA,1992,14557.184258305
KNA,1993,15348.6887799847
KNA,1994,15955.8375010028
KNA,1995,16596.2656266287
KNA,1996,17340.2234624221
KNA,1997,18288.4943671657
KNA,1998,17963.6992379347
KNA,1999,18291.4229188676
KNA,2000,19840.5800645267
KNA,2001,20648.7889741472
KNA,2002,20813.4050029806
KNA,2003,19927.1818314137
KNA,2004,20661.3458642993
KNA,2005,22612.7126559455
KNA,2006,23258.9842253211
KNA,2007,23330.0442404195
KNA,2008,25898.7823620981
KNA,2009,24973.8045286303
KNA,2010,24997.5672513428
KNA,2011,25380.0087348215
KNA,2012,25114.0572603244
KNA,2013,26532.1016561725
KNA,2014,28530.3072249013
KNA,2015,28729.566447667
KNA,2016,29867.0265589791
KNA,2017,29948.9200065682
KNA,2018,30576.2486749244
KNA,2019,31512.1943105684
KNA,2020,26736.9283563771
KNA,2021,26896.6177065978
KNA,2022,29749.8700864823
KNA,2023,30616.577281386
KNA,2024,30656.4410109367
KNA,2025,31427.6630825717
KOR,1990,14377.8839203268
KOR,1991,15784.4668669974
KOR,1992,16613.4907015983
KOR,1993,17595.9036148432
KOR,1994,19052.2990926264
KOR,1995,20697.8969808345
KOR,1996,22139.7963785414
KOR,1997,23311.0420901741
KOR,1998,22000.3387603516
KOR,1999,24382.2508517369
KOR,2000,26404.1588575745
KOR,2001,27440.6564915847
KOR,2002,29395.2766036796
KOR,2003,30142.4605585814
KOR,2004,31579.5283048867
KOR,2005,32886.0472450743
KOR,2006,34429.6222013137
KOR,2007,36257.3401689702
KOR,2008,37064.1518484106
KOR,2009,37176.1939270969
KOR,2010,39574.0500732947
KOR,2011,40719.2273771671
KOR,2012,41537.6728611117
KOR,2013,42709.9751857887
KOR,2014,43806.9250985661
KOR,2015,44849.106767089
KOR,2016,46088.2430785383
KOR,2017,47536.7898568851
KOR,2018,48834.4471157733
KOR,2019,49790.8679884821
KOR,2020,49374.0926148025
KOR,2021,51718.2518656631
KOR,2022,53228.6035655365
KOR,2023,54029.3434990785
KOR,2024,55070.9386194121
KOR,2025,55697.0848086328
KWT,1990,38932.9435275146
KWT,1991,28633.9695922465
KWT,1992,43266.9328651676
KWT,1993,56684.1863309395
KWT,1994,61753.8489990065
KWT,1995,64093.5178778949
KWT,1996,62665.2243536425
KWT,1997,62151.9518270333
KWT,1998,62450.0884424765
KWT,1999,59533.9542752452
KWT,2000,60585.3026788164
KWT,2001,59099.6653133601
KWT,2002,59348.6172741565
KWT,2003,67984.3145062554
KWT,2004,73298.0621819477
KWT,2005,78193.9012127585
KWT,2006,79521.3484338455
KWT,2007,79474.7611346377
KWT,2008,77036.5083833055
KWT,2009,67896.2680451995
KWT,2010,62956.2152904125
KWT,2011,64844.5019019408
KWT,2012,64908.262639237
KWT,2013,62458.8089221249
KWT,2014,60065.6544076232
KWT,2015,57763.5174574395
KWT,2016,56936.620842726
KWT,2017,52285.5871175696
KWT,2018,51623.8078622052
KWT,2019,51380.6455354631
KWT,2020,49372.8187938552
KWT,2021,50651.9575337091
KWT,2022,51379.8833194119
KWT,2023,47790.1933239144
KWT,2024,46664.2195116056
KWT,2025,48253.963885132
LAC,1990,12355.3054990239
LAC,1991,12513.826042173
LAC,1992,12586.8045095486
LAC,1993,12942.1253667728
LAC,1994,13406.2896778261
LAC,1995,13245.8298079587
LAC,1996,13535.3863903502
LAC,1997,14033.9004995701
LAC,1998,14203.2697588857
LAC,1999,14044.8795352472
LAC,2000,14331.7839148575
LAC,2001,14150.3174722497
LAC,2002,14013.3139307931
LAC,2003,14161.0919133732
LAC,2004,14714.1889558771
LAC,2005,15100.9407755949
LAC,2006,15689.2144065463
LAC,2007,16321.8321811757
LAC,2008,16733.096469667
LAC,2009,16146.6158745104
LAC,2010,17037.1271662537
LAC,2011,17612.8529378709
LAC,2012,17843.9103583108
LAC,2013,18162.1070321562
LAC,2014,18231.5556349808
LAC,2015,18116.8775494236
LAC,2016,17879.6160960042
LAC,2017,18078.2959124229
LAC,2018,18213.6232664927
LAC,2019,18195.6679220187
LAC,2020,16883.6083104718
LAC,2021,17991.1283749974
LAC,2022,18604.9631264863
LAC,2023,18872.9989096637
LAC,2024,19114.9636573284
LAC,2025,19409.3062576196
LAO,1990,2005.50049410401
LAO,1991,2033.58258303281
LAO,1992,2088.02004083238
LAO,1993,2152.2765966407
LAO,1994,2267.78215521397
LAO,1995,2368.05475182536
LAO,1996,2473.77285753148
LAO,1997,2589.20762864101
LAO,1998,2642.56618699585
LAO,1999,2786.52039703471
LAO,2000,2899.01961879748
LAO,2001,3015.63258480614
LAO,2002,3143.22327579556
LAO,2003,3282.9853971272
LAO,2004,3441.16999706515
LAO,2005,3630.55878769378
LAO,2006,3881.53736632657
LAO,2007,4112.25301659759
LAO,2008,4367.162880257
LAO,2009,4625.07173324518
LAO,2010,4946.10563678173
LAO,2011,5266.87866924206
LAO,2012,5608.96956337059
LAO,2013,5974.47368943414
LAO,2014,6341.2122967032
LAO,2015,6703.74124348885
LAO,2016,7063.25545347926
LAO,2017,7432.4596330485
LAO,2018,7775.08574451883
LAO,2019,8075.27502377003
LAO,2020,7995.59502527818
LAO,2021,8080.43553249923
LAO,2022,8183.03286472653
LAO,2023,8372.15591874407
LAO,2024,8600.3245466568
LAO,2025,8872.69396186433
LBN,1990,5345.51209718413
LBN,1991,7828.17201077656
LBN,1992,8924.15264553271
LBN,1993,9695.31549182752
LBN,1994,10294.812771264
LBN,1995,10762.4426963776
LBN,1996,11757.2824887935
LBN,1997,11668.4006854372
LBN,1998,11885.3072278409
LBN,1999,11617.2497708538
LBN,2000,11571.7326041085
LBN,2001,11817.9305012844
LBN,2002,12053.8341563826
LBN,2003,12272.3440677497
LBN,2004,12882.0757995163
LBN,2005,13024.6648924956
LBN,2006,13003.680803908
LBN,2007,13941.5614244767
LBN,2008,14955.1413563252
LBN,2009,16264.3506182706
LBN,2010,17390.7584012958
LBN,2011,17353.1960845294
LBN,2012,17323.3013764282
LBN,2013,16396.4969302163
LBN,2014,15205.873265402
LBN,2015,14980.020515614
LBN,2016,15572.3611739774
LBN,2017,16128.5838196051
LBN,2018,16290.0516478592
LBN,2019,15659.5661040012
LBN,2020,12507.4366368078
LBN,2021,11599.7755083765
LBN,2022,11474.7505845558
LBN,2023,11330.2687387422
LBN,2024,10469.2210966932
LBR,1990,1866.40548125833
LBR,1991,1819.49785292522
LBR,1992,1115.03770816852
LBR,1993,718.683238814764
LBR,1994,563.640361196647
LBR,1995,534.809715165406
LBR,1996,582.677982536092
LBR,1997,1111.93760251371
LBR,1998,1308.40568305294
LBR,1999,1507.31470254594
LBR,2000,1868.17975587618
LBR,2001,1867.11910921753
LBR,2002,1887.64601570733
LBR,2003,1308.15090140274
LBR,2004,1326.53565502695
LBR,2005,1335.61728880785
LBR,2006,1364.60347323709
LBR,2007,1422.10019670004
LBR,2008,1463.12408187297
LBR,2009,1492.99817384053
LBR,2010,1538.85083488512
LBR,2011,1601.03374045996
LBR,2012,1668.97289588776
LBR,2013,1774.5205777394
LBR,2014,1750.1438489328
LBR,2015,1714.09047960464
LBR,2016,1653.31050211233
LBR,2017,1661.30290782171
LBR,2018,1647.97443793846
LBR,2019,1575.76665001238
LBR,2020,1497.37692436272
LBR,2021,1539.20892304674
LBR,2022,1578.99837069175
LBR,2023,1616.92373356695
LBR,2024,1646.05861366601
LBR,2025,1692.92591135475
LBY,1990,18126.5869612606
LBY,1991,20506.8762691578
LBY,1992,19538.138704794
LBY,1993,18434.641128465
LBY,1994,18444.5133617859
LBY,1995,17723.2679211029
LBY,1996,17809.1519222171
LBY,1997,18451.6998451345
LBY,1998,17532.9261043755
LBY,1999,17402.5683820479
LBY,2000,17747.0188855832
LBY,2001,17115.9888564264
LBY,2002,16629.4364346005
LBY,2003,18422.7336032405
LBY,2004,18851.2039109963
LBY,2005,20649.4624580172
LBY,2006,21545.2986384419
LBY,2007,22422.0117594762
LBY,2008,21915.1976208274
LBY,2009,20518.9642412838
LBY,2010,21115.5259846154
LBY,2011,10741.9206751908
LBY,2012,20601.0026641
LBY,2013,16557.500941665
LBY,2014,12499.0829968523
LBY,2015,12195.3486990421
LBY,2016,11831.8257669559
LBY,2017,15428.1164411854
LBY,2018,16385.164476127
LBY,2019,14337.1962987582
LBY,2020,9978.66400110743
LBY,2021,12641.5097714075
LBY,2022,11450.0598552928
LBY,2023,12476.5974944083
LBY,2024,12583.8338726816
LBY,2025,14118.2064418565
LCA,1990,17056.7184904705
LCA,1991,16916.7265576984
LCA,1992,17991.7093213106
LCA,1993,17831.0913239805
LCA,1994,17847.4137671755
LCA,1995,17875.410141117
LCA,1996,18125.3575537673
LCA,1997,17747.9002859129
LCA,1998,18606.5360149924
LCA,1999,18856.576335563
LCA,2000,18638.117705755
LCA,2001,17820.7964312951
LCA,2002,17739.5766779723
LCA,2003,18344.5919258071
LCA,2004,19526.4461369718
LCA,2005,19303.9921315127
LCA,2006,20353.6533720188
LCA,2007,20559.8974830119
LCA,2008,21443.2592977841
LCA,2009,20706.505527623
LCA,2010,20648.7861045765
LCA,2011,21430.0225948015
LCA,2012,21309.2251296295
LCA,2013,20827.2886025849
LCA,2014,21010.6981919895
LCA,2015,20939.8810312364
LCA,2016,21566.3058799575
LCA,2017,22207.2131041263
LCA,2018,22761.1613461447
LCA,2019,22445.2080507874
LCA,2020,17247.9578674753
LCA,2021,19141.3272253168
LCA,2022,22811.2524480383
LCA,2023,23636.0265940253
LCA,2024,24699.9694711589
LCA,2025,24502.9628641276
LCN,1990,12425.5780914071
LCN,1991,12603.5714249853
LCN,1992,12734.9200437577
LCN,1993,13103.0483830762
LCN,1994,13570.0746408401
LCN,1995,13463.6944120733
LCN,1996,13773.1725950955
LCN,1997,14298.0230325412
LCN,1998,14501.2773704622
LCN,1999,14363.687175835
LCN,2000,14662.98009358
LCN,2001,14517.4981001165
LCN,2002,14398.1472983889
LCN,2003,14567.691251088
LCN,2004,15159.8546462837
LCN,2005,15565.1750239356
LCN,2006,16172.0518023451
LCN,2007,16820.2801252913
LCN,2008,17242.6454978629
LCN,2009,16665.1020164418
LCN,2010,17550.7377870024
LCN,2011,18150.5882548775
LCN,2012,18433.7387345819
LCN,2013,18766.917591694
LCN,2014,18852.4281125219
LCN,2015,18762.9039878165
LCN,2016,18550.8729173978
LCN,2017,18744.6242855123
LCN,2018,18893.7989523752
LCN,2019,18883.1868618303
LCN,2020,17508.6173350597
LCN,2021,18696.3210341683
LCN,2022,19355.0766860444
LCN,2023,19651.7333890663
LCN,2024,19954.1496595019
LCN,2025,20286.72849365
LDC,1990,1952.07525314564
LDC,1991,1936.47394486678
LDC,1992,1891.5115404983
LDC,1993,1832.89513349639
LDC,1994,1793.32284426074
LDC,1995,1846.55167883725
LDC,1996,1900.50440579373
LDC,1997,1950.68947966068
LDC,1998,1976.74633745167
LDC,1999,2009.58049558818
LDC,2000,2048.71959919672
LDC,2001,2101.00285697336
LDC,2002,2164.86433866971
LDC,2003,2227.39805845854
LDC,2004,2321.65342191161
LDC,2005,2440.11770369825
LDC,2006,2556.63271986189
LDC,2007,2691.00800844867
LDC,2008,2806.96555455219
LDC,2009,2867.15245697277
LDC,2010,2980.94840851133
LDC,2011,3051.43683302234
LDC,2012,3129.10024240458
LDC,2013,3241.36780220136
LDC,2014,3352.66131202589
LDC,2015,3444.48573373338
LDC,2016,3530.49118814527
LDC,2017,3628.8467447362
LDC,2018,3726.77808267188
LDC,2019,3830.88853350413
LDC,2020,3741.39972817227
LDC,2021,3753.1278014194
LDC,2022,3851.7539627313
LDC,2023,3891.73641004671
LDC,2024,3956.39663716034
LDC,2025,4035.2417552817
LKA,1990,4561.57913260491
LKA,1991,4735.81940022694
LKA,1992,4866.23941152126
LKA,1993,5114.43630395889
LKA,1994,5322.72963126043
LKA,1995,5523.31225392817
LKA,1996,5624.02393649431
LKA,1997,5871.72297556048
LKA,1998,6032.62212629246
LKA,1999,6176.23548454667
LKA,2000,6428.61341889128
LKA,2001,6230.03051863559
LKA,2002,6409.86278892115
LKA,2003,6741.01248848024
LKA,2004,7059.91098067102
LKA,2005,7452.7423412297
LKA,2006,7970.6649101939
LKA,2007,8454.20675331505
LKA,2008,8897.82686005016
LKA,2009,9156.31906481264
LKA,2010,9832.18622335265
LKA,2011,10618.4925999722
LKA,2012,11447.6937737782
LKA,2013,12249.7223347846
LKA,2014,12909.9663068113
LKA,2015,13329.779343882
LKA,2016,13845.6146782218
LKA,2017,14572.4858214616
LKA,2018,14759.8248945226
LKA,2019,14637.4442912676
LKA,2020,13886.6513728689
LKA,2021,14316.1352225567
LKA,2022,13249.0650505201
LKA,2023,13065.0698305722
LKA,2024,13793.0669827677
LKA,2025,14582.7603740374
LMY,1990,4440.58679169367
LMY,1991,4439.30867556387
LMY,1992,4502.70450087412
LMY,1993,4587.73474985262
LMY,1994,4678.32670210015
LMY,1995,4792.63014171768
LMY,1996,4987.6535921003
LMY,1997,5155.3722704368
LMY,1998,5215.30941351259
LMY,1999,5320.55870168961
LMY,2000,5516.65071098444
LMY,2001,5631.10697990246
LMY,2002,5806.43177431994
LMY,2003,6049.20754417552
LMY,2004,6413.33308387559
LMY,2005,6762.59683515012
LMY,2006,7185.63014243261
LMY,2007,7671.7507012782
LMY,2008,7977.46088036183
LMY,2009,8152.22412560338
LMY,2010,8663.85763037059
LMY,2011,9057.29727616674
LMY,2012,9388.20025846692
LMY,2013,9755.16890460974
LMY,2014,10105.0781953344
LMY,2015,10435.5053265179
LMY,2016,10798.4518286632
LMY,2017,11215.7885981508
LMY,2018,11619.79598111
LMY,2019,11942.5710199999
LMY,2020,11605.6207814452
LMY,2021,12294.6891013589
LMY,2022,12688.9670294297
LMY,2023,13155.1620681372
LMY,2024,13612.7879900807
LMY,2025,14102.0915988115
LSO,1990,1422.15056881284
LSO,1991,1494.24032446777
LSO,1992,1571.8270420314
LSO,1993,1602.59633239095
LSO,1994,1675.5977232422
LSO,1995,1709.69433512939
LSO,1996,1786.182290166
LSO,1997,1837.69657049966
LSO,1998,1856.69078488714
LSO,1999,1860.70052178612
LSO,2000,1932.15793223415
LSO,2001,2004.03350215955
LSO,2002,2024.78727304864
LSO,2003,2127.37302160132
LSO,2004,2178.66474674332
LSO,2005,2275.01614419256
LSO,2006,2381.02024562073
LSO,2007,2470.31462127885
LSO,2008,2589.16635854686
LSO,2009,2538.19341751854
LSO,2010,2651.37804898226
LSO,2011,2749.31958166573
LSO,2012,2894.22705048142
LSO,2013,2914.37515966739
LSO,2014,2930.61724036206
LSO,2015,2986.95866729879
LSO,2016,3057.26091568162
LSO,2017,2924.68096193272
LSO,2018,2846.41828124649
LSO,2019,2773.28639887236
LSO,2020,2517.11044486593
LSO,2021,2544.78249551214
LSO,2022,2577.54544127769
LSO,2023,2592.4570129526
LSO,2024,2697.62738436647
LSO,2025,2720.95737653412
LTE,1990,6637.56041137622
LTE,1991,6502.05149318433
LTE,1992,6288.47965404527
LTE,1993,6354.66147168961
LTE,1994,6414.78626141477
LTE,1995,6631.61742034211
LTE,1996,6837.45613660664
LTE,1997,7097.32228174139
LTE,1998,7146.05395183814
LTE,1999,7403.98453534758
LTE,2000,7865.40223869989
LTE,2001,8198.53171138037
LTE,2002,8615.35404402717
LTE,2003,9138.18820940943
LTE,2004,9802.55079794057
LTE,2005,10466.0431607711
LTE,2006,11333.0924408752
LTE,2007,12361.2116354473
LTE,2008,13098.0960309932
LTE,2009,13334.5473252508
LTE,2010,14254.5060505905
LTE,2011,15116.23443797
LTE,2012,15849.9797393159
LTE,2013,16550.7608765012
LTE,2014,17214.8266070851
LTE,2015,17784.0628531228
LTE,2016,18377.0584236764
LTE,2017,19161.6836683691
LTE,2018,20046.5223675086
LTE,2019,20852.8824490568
LTE,2020,20730.0029982162
LTE,2021,22189.7622837471
LTE,2022,22842.7930520757
LTE,2023,23803.1520192179
LTE,2024,24850.1716606625
LTE,2025,25875.7314622577
LTU,1990,20594.0623779042
LTU,1991,19392.1950657963
LTU,1992,15286.2039647381
LTU,1993,12866.5897896196
LTU,1994,11690.8861051725
LTU,1995,12168.8332695478
LTU,1996,12878.1001468209
LTU,1997,14050.349878771
LTU,1998,15208.6978530701
LTU,1999,15148.9570325637
LTU,2000,15777.4293800236
LTU,2001,16939.467059225
LTU,2002,18223.4782620215
LTU,2003,20310.7119582322
LTU,2004,21875.6085796224
LTU,2005,23953.8150681702
LTU,2006,26139.2837773621
LTU,2007,29381.9521464971
LTU,2008,30457.3682543436
LTU,2009,26227.5230201039
LTU,2010,26897.7243702338
LTU,2011,29251.8774718539
LTU,2012,30932.0983180261
LTU,2013,32487.0008217277
LTU,2014,33988.0148951198
LTU,2015,35264.7149248316
LTU,2016,36632.0832798438
LTU,2017,38789.2463179035
LTU,2018,41035.4018152732
LTU,2019,43078.7118585461
LTU,2020,43108.1976060283
LTU,2021,45897.3715026327
LTU,2022,46642.5947251086
LTU,2023,46333.9006965206
LTU,2024,47462.0039386975
LTU,2025,48839.5436452948
LUX,1990,81455.0312264957
LUX,1991,87318.4976692868
LUX,1992,87734.2029842352
LUX,1993,90200.6012709212
LUX,1994,92380.4162945065
LUX,1995,92396.3982654612
LUX,1996,92421.5791788935
LUX,1997,96216.9038688184
LUX,1998,101369.82339661
LUX,1999,108186.852973076
LUX,2000,114148.353907645
LUX,2001,116265.230369162
LUX,2002,118764.331507238
LUX,2003,120403.002017933
LUX,2004,123725.755122536
LUX,2005,124871.952523256
LUX,2006,130290.174082751
LUX,2007,138683.319852878
LUX,2008,135814.608862354
LUX,2009,129004.508948877
LUX,2010,131434.360018803
LUX,2011,129887.626962873
LUX,2012,128897.403218507
LUX,2013,129947.336184196
LUX,2014,130249.550482759
LUX,2015,130097.338289025
LUX,2016,133661.734541281
LUX,2017,132169.829576174
LUX,2018,131733.884471489
LUX,2019,132724.754668303
LUX,2020,129865.631871124
LUX,2021,136772.443753292
LUX,2022,132570.832272626
LUX,2023,130048.922273147
LUX,2024,128475.283540415
LUX,2025,127420.601625165
LVA,1990,17508.7871005399
LVA,1991,15376.0911858137
LVA,1992,10582.2074616453
LVA,1993,10255.1419301566
LVA,1994,10656.609005478
LVA,1995,10707.5149969006
LVA,1996,11077.8618422597
LVA,1997,12215.0151940189
LVA,1998,13138.4012524255
LVA,1999,13619.098799485
LVA,2000,14554.2131724037
LVA,2001,15695.906718153
LVA,2002,17096.5594440255
LVA,2003,18717.6675525538
LVA,2004,20574.118201251
LVA,2005,23213.3539355881
LVA,2006,26431.8140222767
LVA,2007,29423.7371235063
LVA,2008,28726.9722869522
LVA,2009,24520.6791475489
LVA,2010,24119.7307848939
LVA,2011,25308.7322074626
LVA,2012,27496.5454583635
LVA,2013,28375.1842887263
LVA,2014,29243.7412502629
LVA,2015,30599.6133134147
LVA,2016,31668.5148442662
LVA,2017,33036.3915943437
LVA,2018,34729.7062763057
LVA,2019,35208.1934590859
LVA,2020,34225.8976044058
LVA,2021,36912.0130602161
LVA,2022,37718.7097958367
LVA,2023,37277.7217221317
LVA,2024,37615.0762450744
LVA,2025,38800.5425281872
MAC,1990,55300.7442649888
MAC,1991,54602.0544901621
MAC,1992,58652.7899194928
MAC,1993,59589.975909516
MAC,1994,60120.6582440409
MAC,1995,60205.7086394147
MAC,1996,59115.2336138336
MAC,1997,58639.5250296819
MAC,1998,55296.5007644986
MAC,1999,53348.0126915655
MAC,2000,55994.760697993
MAC,2001,57173.8590987063
MAC,2002,61625.9560068114
MAC,2003,67994.777526459
MAC,2004,84004.4558061302
MAC,2005,87185.5254441553
MAC,2006,93828.3198758417
MAC,2007,102879.639164559
MAC,2008,102474.668562926
MAC,2009,104911.140336462
MAC,2010,130758.2806979
MAC,2011,155385.324208541
MAC,2012,164239.261923457
MAC,2013,174569.523171267
MAC,2014,162813.439348589
MAC,2015,123194.067291275
MAC,2016,120530.052858314
MAC,2017,133322.632677744
MAC,2018,139541.157248769
MAC,2019,133453.896026037
MAC,2020,59662.4855864551
MAC,2021,73374.4486829589
MAC,2022,59921.441691873
MAC,2023,104815.20003062
MAC,2024,111693.502831434
MAC,2025,117098.274845518
MAR,1990,4418.66015625
MAR,1991,4656.1259765625
MAR,1992,4483.24951171875
MAR,1993,4379.76416015625
MAR,1994,4771.0927734375
MAR,1995,4444.228515625
MAR,1996,4916.47998046875
MAR,1997,4766.1103515625
MAR,1998,5033.92333984375
MAR,1999,5043.6650390625
MAR,2000,5100.11572265625
MAR,2001,5417.57861328125
MAR,2002,5544.07177734375
MAR,2003,5810.05322265625
MAR,2004,5996.39013671875
MAR,2005,6103.42236328125
MAR,2006,6488.673828125
MAR,2007,6620.59033203125
MAR,2008,6901.95068359375
MAR,2009,7063.72705078125
MAR,2010,7210.63671875
MAR,2011,7503.79296875
MAR,2012,7628.64404296875
MAR,2013,7839.0322265625
MAR,2014,7951.79833984375
MAR,2015,8198.80859375
MAR,2016,8141.9404296875
MAR,2017,8450.0087890625
MAR,2018,8611.75
MAR,2019,8768.17578125
MAR,2020,8054.56298828125
MAR,2021,8623.265625
MAR,2022,8690.4482421875
MAR,2023,8915.3515625
MAR,2024,9162.7470703125
MAR,2025,9495.4052734375
MDA,1990,15902.8943232278
MDA,1991,13342.0600237962
MDA,1992,9461.42772606577
MDA,1993,9363.59309935118
MDA,1994,6490.35310271769
MDA,1995,6428.83979448752
MDA,1996,6063.14051693664
MDA,1997,6185.83952473232
MDA,1998,5783.48593751483
MDA,1999,5597.46512850295
MDA,2000,5727.07922525352
MDA,2001,6090.03474356112
MDA,2002,6580.27841436838
MDA,2003,7034.35784911687
MDA,2004,7573.6178454751
MDA,2005,8161.47344724765
MDA,2006,8577.02858037286
MDA,2007,8854.83397616724
MDA,2008,9563.69814290939
MDA,2009,9001.23432081622
MDA,2010,9649.9509930271
MDA,2011,10217.3087761255
MDA,2012,10158.3854676883
MDA,2013,11080.0634585341
MDA,2014,11641.1208436577
MDA,2015,11691.0797484184
MDA,2016,12377.366678394
MDA,2017,13118.8219369605
MDA,2018,13895.5043655692
MDA,2019,14621.2401362286
MDA,2020,13559.2600217483
MDA,2021,15682.0703284653
MDA,2022,15350.3120408391
MDA,2023,15980.5668889856
MDA,2024,16393.8633257184
MDA,2025,17087.1874044819
MDG,1990,1968.27239771424
MDG,1991,1789.84169366249
MDG,1992,1757.29459775259
MDG,1993,1740.29513594203
MDG,1994,1686.34190833351
MDG,1995,1661.27062467061
MDG,1996,1643.32579628891
MDG,1997,1649.44809006306
MDG,1998,1658.88849253066
MDG,1999,1681.35933226493
MDG,2000,1701.44320253582
MDG,2001,1748.50350929178
MDG,2002,1486.43429741771
MDG,2003,1584.74925232364
MDG,2004,1620.11953793293
MDG,2005,1648.17631554009
MDG,2006,1686.86335460016
MDG,2007,1731.61751794976
MDG,2008,1794.40235887329
MDG,2009,1673.15551466723
MDG,2010,1635.24511473059
MDG,2011,1614.55137773785
MDG,2012,1617.79082882481
MDG,2013,1610.6023078966
MDG,2014,1620.357889066
MDG,2015,1627.5806134224
MDG,2016,1648.91226979296
MDG,2017,1669.72764267278
MDG,2018,1678.78623269491
MDG,2019,1707.83153830039
MDG,2020,1545.72714379204
MDG,2021,1577.43246056529
MDG,2022,1602.42805197529
MDG,2023,1629.6055225489
MDG,2024,1659.15030770194
MDG,2025,1668.47702330854
MDV,1990,8945.80478665277
MDV,1991,8799.25510927462
MDV,1992,9120.9918309279
MDV,1993,9378.52243653043
MDV,1994,9866.07502836993
MDV,1995,10894.1730236585
MDV,1996,11495.0988639063
MDV,1997,12210.9687208916
MDV,1998,12884.7223193763
MDV,1999,13449.2026730153
MDV,2000,13738.2809408875
MDV,2001,12977.9990665612
MDV,2002,13689.8065561949
MDV,2003,15316.1192814998
MDV,2004,15958.6557759464
MDV,2005,13942.8753891662
MDV,2006,16829.9768208157
MDV,2007,17439.9504862625
MDV,2008,18344.4866455436
MDV,2009,16230.0089361263
MDV,2010,16730.0144200167
MDV,2011,17581.7676697752
MDV,2012,17390.1474995422
MDV,2013,17986.8907361645
MDV,2014,18765.3592118344
MDV,2015,18829.4481529112
MDV,2016,19345.1792343541
MDV,2017,20036.7165354949
MDV,2018,21072.5805249694
MDV,2019,21855.501224579
MDV,2020,14242.9750701162
MDV,2021,19052.6224904311
MDV,2022,21357.8112511153
MDV,2023,22333.0477138175
MDV,2024,23034.4098404839
MDV,2025,24401.3159253635
MEA,1990,9219.82166050209
MEA,1991,9109.86983671017
MEA,1992,9384.77241913592
MEA,1993,9335.05184735193
MEA,1994,9333.41089422049
MEA,1995,9383.03781172441
MEA,1996,9635.95562657862
MEA,1997,9771.66464455899
MEA,1998,9976.80086991378
MEA,1999,10034.8137620933
MEA,2000,10396.7937182114
MEA,2001,10387.1843453909
MEA,2002,10405.750570078
MEA,2003,10590.2776590084
MEA,2004,11163.9098849067
MEA,2005,11466.1867676249
MEA,2006,11838.3024594452
MEA,2007,12172.6860848971
MEA,2008,12410.3548378055
MEA,2009,12328.590525863
MEA,2010,12644.5287639675
MEA,2011,12878.6633569426
MEA,2012,12998.8237760191
MEA,2013,12974.7088043422
MEA,2014,13125.9569108265
MEA,2015,13274.4834148132
MEA,2016,13660.6647261647
MEA,2017,13738.7112789254
MEA,2018,13857.6977166328
MEA,2019,13875.4354818805
MEA,2020,13261.5451067803
MEA,2021,13667.9618940942
MEA,2022,14260.8818255762
MEA,2023,14315.2058223182
MEA,2024,14391.405949633
MEA,2025,14512.0028970514
MEX,1990,17169.5925859795
MEX,1991,17511.7313112492
MEX,1992,17796.4059662866
MEX,1993,17970.5871869693
MEX,1994,18422.8199296267
MEX,1995,17028.1215022837
MEX,1996,17775.8727889128
MEX,1997,18737.6426464292
MEX,1998,19573.0654561328
MEX,1999,19793.2852863293
MEX,2000,20470.4937669158
MEX,2001,20078.2183931307
MEX,2002,19744.7933675609
MEX,2003,19701.4633898714
MEX,2004,20127.2242902968
MEX,2005,20277.2552852007
MEX,2006,20965.8256087044
MEX,2007,21102.2688338349
MEX,2008,20992.5602662364
MEX,2009,19385.5437251877
MEX,2010,20058.3854882301
MEX,2011,20457.6001677783
MEX,2012,20898.935720908
MEX,2013,20805.3480406564
MEX,2014,21069.7661653886
MEX,2015,21408.9283216195
MEX,2016,21578.263354126
MEX,2017,21777.5225127275
MEX,2018,21997.7730219494
MEX,2019,21704.185952748
MEX,2020,19728.4817827455
MEX,2021,20782.5877440905
MEX,2022,21391.8573698845
MEX,2023,21864.9236104145
MEX,2024,21970.3520412926
MEX,2025,21911.9292842747
MHL,1990,3906.08626688762
MHL,1991,3828.95408868903
MHL,1992,4029.85752552856
MHL,1993,4207.94886487463
MHL,1994,4397.47802009698
MHL,1995,4704.03569964567
MHL,1996,4175.34883541971
MHL,1997,3867.83838576288
MHL,1998,3806.3745586576
MHL,1999,3719.28760761623
MHL,2000,3772.69913192999
MHL,2001,4001.24312059454
MHL,2002,4122.36777186234
MHL,2003,4041.17284358405
MHL,2004,4012.85859698975
MHL,2005,4075.6807928036
MHL,2006,4076.09863045701
MHL,2007,4222.95393537643
MHL,2008,3903.80571323423
MHL,2009,4047.74537243531
MHL,2010,4269.9054604506
MHL,2011,4259.66173142969
MHL,2012,4244.58812838612
MHL,2013,4470.42630092843
MHL,2014,4492.56749211821
MHL,2015,4670.70755785577
MHL,2016,4897.14934002038
MHL,2017,5200.01066532485
MHL,2018,5636.02954937672
MHL,2019,6405.89632387105
MHL,2020,6418.00663822416
MHL,2021,6768.82579129624
MHL,2022,6937.75357050514
MHL,2023,6774.78265578378
MHL,2024,7236.8679376649
MHL,2025,7660.37695591168
MIC,1990,4646.25957151285
MIC,1991,4648.01430999731
MIC,1992,4722.09677497986
MIC,1993,4819.0321408954
MIC,1994,4921.83961052995
MIC,1995,5045.74981253275
MIC,1996,5255.64118230755
MIC,1997,5436.38229390239
MIC,1998,5503.3384952339
MIC,1999,5622.72676657745
MIC,2000,5839.15688660076
MIC,2001,5965.0670590156
MIC,2002,6156.3157470722
MIC,2003,6424.20602384843
MIC,2004,6820.50538313605
MIC,2005,7201.40053186685
MIC,2006,7665.31771724037
MIC,2007,8197.99268490885
MIC,2008,8535.84090946808
MIC,2009,8733.86163528882
MIC,2010,9296.31778418793
MIC,2011,9737.81435931152
MIC,2012,10125.510949148
MIC,2013,10542.026674052
MIC,2014,10935.2532861253
MIC,2015,11307.9180137805
MIC,2016,11720.8222579728
MIC,2017,12195.0632181132
MIC,2018,12658.3244996246
MIC,2019,13034.1513333008
MIC,2020,12685.0950213792
MIC,2021,13477.1480288886
MIC,2022,13938.71550771
MIC,2023,14488.6453367075
MIC,2024,15025.1337351136
MIC,2025,15594.2386038478
MKD,1990,12904.4868211184
MKD,1991,12153.4983960276
MKD,1992,11486.7282993524
MKD,1993,10764.7022358488
MKD,1994,10650.7391780911
MKD,1995,10501.0888473538
MKD,1996,10551.5225095076
MKD,1997,10787.5306257229
MKD,1998,11092.8286175909
MKD,1999,11518.9567330226
MKD,2000,11988.2448826829
MKD,2001,11571.8112316434
MKD,2002,11830.2626132426
MKD,2003,12077.849005462
MKD,2004,12683.3809111151
MKD,2005,13354.4611473701
MKD,2006,14118.2297877525
MKD,2007,15118.2436719552
MKD,2008,16038.0413530579
MKD,2009,16084.2279730567
MKD,2010,16731.0901838425
MKD,2011,17201.236162644
MKD,2012,17189.9956305456
MKD,2013,17758.2275594412
MKD,2014,18452.2062280148
MKD,2015,19215.0740381192
MKD,2016,19825.7724685057
MKD,2017,20121.0510180726
MKD,2018,20805.9221192555
MKD,2019,21766.8842062487
MKD,2020,20971.4421033593
MKD,2021,22144.1924252732
MKD,2022,22822.2333994259
MKD,2023,23455.2221318176
MKD,2024,24203.1855800189
MKD,2025,25094.6225007185
MLI,1990,1890.50212990708
MLI,1991,2087.9190293852
MLI,1992,1942.72857140951
MLI,1993,1985.3806486371
MLI,1994,2051.75478429108
MLI,1995,2022.40378268201
MLI,1996,2105.27530135189
MLI,1997,2142.78769300012
MLI,1998,2228.20055527642
MLI,1999,2269.08741151657
MLI,2000,2187.71894207161
MLI,2001,2458.46155673065
MLI,2002,2455.61935702417
MLI,2003,2611.8368552722
MLI,2004,2565.9774456147
MLI,2005,2546.33281405861
MLI,2006,2555.07476258805
MLI,2007,2515.94692366143
MLI,2008,2523.19961270039
MLI,2009,2575.54549773648
MLI,2010,2632.2646821909
MLI,2011,2623.34627008698
MLI,2012,2520.52931086804
MLI,2013,2528.5300676726
MLI,2014,2609.16733048395
MLI,2015,2686.56065073799
MLI,2016,2759.11051293341
MLI,2017,2816.19423901587
MLI,2018,2862.40728987476
MLI,2019,2916.17167791084
MLI,2020,2796.41038444386
MLI,2021,2796.22793795431
MLI,2022,2813.81095962565
MLI,2023,2861.48058063314
MLI,2024,2917.93245883671
MLI,2025,2993.25166359257
MLT,1990,18208.1055963545
MLT,1991,18832.8308204007
MLT,1992,19513.9107402762
MLT,1993,20185.6644858263
MLT,1994,21127.8495305273
MLT,1995,22311.7929397361
MLT,1996,23003.0667186164
MLT,1997,24029.7879284425
MLT,1998,25097.8083418163
MLT,1999,26127.0614292927
MLT,2000,31068.0784498241
MLT,2001,30602.1099973654
MLT,2002,31207.4322052709
MLT,2003,32147.8757483202
MLT,2004,32062.7641222076
MLT,2005,32776.9683721182
MLT,2006,33420.7141096927
MLT,2007,34981.7020970372
MLT,2008,36287.726099619
MLT,2009,35512.6774555483
MLT,2010,37528.7341525511
MLT,2011,37740.8473665429
MLT,2012,38937.1487755674
MLT,2013,40921.3167795062
MLT,2014,43163.1473000396
MLT,2015,46171.8893420758
MLT,2016,46967.3486291212
MLT,2017,51628.2677400365
MLT,2018,53419.0022708322
MLT,2019,53393.4231642463
MLT,2020,50389.6963309289
MLT,2021,56823.9958525022
MLT,2022,56874.4339327368
MLT,2023,60459.7655182644
MLT,2024,62398.4892388947
MLT,2025,63655.5160659665
MMR,1990,775.328254381998
MMR,1991,759.282764169726
MMR,1992,821.327755047125
MMR,1993,859.345526733596
MMR,1994,911.468427954616
MMR,1995,962.209421824521
MMR,1996,1011.15993423274
MMR,1997,1054.76742791265
MMR,1998,1102.79096369399
MMR,1999,1209.01642809997
MMR,2000,1359.93038778036
MMR,2001,1498.31163236525
MMR,2002,1661.73588517132
MMR,2003,1874.17128269389
MMR,2004,2110.23728495831
MMR,2005,2377.90258162976
MMR,2006,2669.32700379999
MMR,2007,2968.3033151236
MMR,2008,3254.738978881
MMR,2009,3578.17424704515
MMR,2010,3893.79030665874
MMR,2011,4078.61220919965
MMR,2012,4340.99945069174
MMR,2013,4666.95376141392
MMR,2014,5006.50667149767
MMR,2015,5313.88615901476
MMR,2016,5580.98977273232
MMR,2017,5877.87465558175
MMR,2018,6201.26341429803
MMR,2019,6562.98898478625
MMR,2020,5926.83450206681
MMR,2021,5178.44718217164
MMR,2022,5350.47666899931
MMR,2023,5364.13797034429
MMR,2024,5276.29433987853
MMR,2025,5137.10048825615
MNA,1990,6460.15430040162
MNA,1991,6308.17792595976
MNA,1992,6457.88712751725
MNA,1993,6394.88694570012
MNA,1994,6374.46813239502
MNA,1995,6422.97697967729
MNA,1996,6651.3884649242
MNA,1997,6724.19615178702
MNA,1998,6940.76365209991
MNA,1999,7073.21431976136
MNA,2000,7317.26035832222
MNA,2001,7371.3767408889
MNA,2002,7465.73272422958
MNA,2003,7478.85875079651
MNA,2004,7872.21759398132
MNA,2005,8068.28257623881
MNA,2006,8323.68223524681
MNA,2007,8627.73711127116
MNA,2008,8753.13707659614
MNA,2009,8831.71489382729
MNA,2010,9052.10818995059
MNA,2011,8988.59983471501
MNA,2012,8984.93510074166
MNA,2013,8907.44506975348
MNA,2014,8991.33075661477
MNA,2015,9038.56259409523
MNA,2016,9412.5084550993
MNA,2017,9558.34316749669
MNA,2018,9610.53590554892
MNA,2019,9622.70742842857
MNA,2020,9308.58068497712
MNA,2021,9516.64668717139
MNA,2022,9789.57382056453
MNA,2023,9902.17620602616
MNA,2024,9972.93614849708
MNA,2025,10013.6100237991
MNE,1997,14638.7363489702
MNE,1998,15402.9879966714
MNE,1999,13993.3577435418
MNE,2000,14452.2161423496
MNE,2001,14552.4956785923
MNE,2002,14770.255224547
MNE,2003,15076.6513903781
MNE,2004,15716.0755725572
MNE,2005,16348.8994494652
MNE,2006,17727.3660449403
MNE,2007,18966.4529580465
MNE,2008,20238.9216459135
MNE,2009,18984.9379136097
MNE,2010,19476.1626179487
MNE,2011,20110.4869725048
MNE,2012,19576.412051459
MNE,2013,20201.2916344369
MNE,2014,20641.7645176561
MNE,2015,21131.8410316247
MNE,2016,21834.0918741924
MNE,2017,22513.7807637171
MNE,2018,23562.1762558957
MNE,2019,24585.1159529158
MNE,2020,20904.5999314513
MNE,2021,23689.9791090651
MNE,2022,25583.3155690619
MNE,2023,27243.404228981
MNE,2024,28105.5927726624
MNE,2025,28895.3171970071
MNG,1990,6637.81926731198
MNG,1991,5874.25558231388
MNG,1992,5324.48759689987
MNG,1993,5162.0998701038
MNG,1994,5213.84632608076
MNG,1995,5457.68501570005
MNG,1996,5494.32133981897
MNG,1997,5628.10663484223
MNG,1998,5735.84383645771
MNG,1999,5829.16641455929
MNG,2000,5818.24307842901
MNG,2001,5917.07088396343
MNG,2002,6117.9824222592
MNG,2003,6463.78966651762
MNG,2004,7070.667158451
MNG,2005,7499.84803935428
MNG,2006,8043.99678108557
MNG,2007,8750.13407442299
MNG,2008,9379.85489687765
MNG,2009,9095.9769892529
MNG,2010,9507.118823625
MNG,2011,10960.0959283864
MNG,2012,12078.9185320062
MNG,2013,13210.0945665668
MNG,2014,13943.4277148653
MNG,2015,13974.5967260365
MNG,2016,13898.1456953585
MNG,2017,14401.5375067562
MNG,2018,15230.2408828847
MNG,2019,15790.6961126441
MNG,2020,14801.3420829185
MNG,2021,14792.2509086422
MNG,2022,15310.4349469163
MNG,2023,16222.8638898529
MNG,2024,16842.6505873797
MNG,2025,17772.5342212559
MOZ,1990,547.622781432196
MOZ,1991,563.512103416232
MOZ,1992,510.82282292831
MOZ,1993,549.048759770955
MOZ,1994,546.209688164263
MOZ,1995,525.418671837499
MOZ,1996,562.857456341656
MOZ,1997,612.371551265915
MOZ,1998,660.650177820748
MOZ,1999,722.305561379979
MOZ,2000,711.976393527396
MOZ,2001,785.790173616246
MOZ,2002,842.645266172761
MOZ,2003,883.239121472194
MOZ,2004,934.133964844421
MOZ,2005,970.38995609863
MOZ,2006,1041.80471709595
MOZ,2007,1095.12568701598
MOZ,2008,1141.94256161019
MOZ,2009,1178.70909947834
MOZ,2010,1224.23020471309
MOZ,2011,1275.52959822581
MOZ,2012,1338.51594866104
MOZ,2013,1385.83254864214
MOZ,2014,1449.92926632722
MOZ,2015,1512.5997455554
MOZ,2016,1537.90853271216
MOZ,2017,1532.0073576114
MOZ,2018,1538.83512127022
MOZ,2019,1528.88988354373
MOZ,2020,1466.12476474476
MOZ,2021,1457.23540930922
MOZ,2022,1476.73432917026
MOZ,2023,1512.66729609671
MOZ,2024,1500.70758504856
MOZ,2025,1450.95955248858
MRT,1990,5519.61033558343
MRT,1991,5456.55575948293
MRT,1992,5350.11803590657
MRT,1993,5439.82228683144
MRT,1994,5097.20838953702
MRT,1995,5446.26956021532
MRT,1996,5650.34118025632
MRT,1997,5302.36663255523
MRT,1998,5310.15819056524
MRT,1999,5359.98881964397
MRT,2000,5008.60806518774
MRT,2001,4847.41085992453
MRT,2002,4806.89853329148
MRT,2003,5023.65213216804
MRT,2004,5139.22552032468
MRT,2005,5445.82950903243
MRT,2006,6284.70209004217
MRT,2007,6002.77832134488
MRT,2008,5813.35608502791
MRT,2009,5639.78744910419
MRT,2010,5605.76388862715
MRT,2011,5653.21720092427
MRT,2012,5716.25195414285
MRT,2013,5769.72870902318
MRT,2014,5837.85203095508
MRT,2015,5969.54239289516
MRT,2016,5866.28144674129
MRT,2017,6050.62180325299
MRT,2018,6153.63790241704
MRT,2019,6162.21044455969
MRT,2020,5963.23549724988
MRT,2021,5836.56580821897
MRT,2022,6053.26178124768
MRT,2023,6276.47521075653
MRT,2024,6482.69016635936
MRT,2025,6559.04321960566
MUS,1990,8986.03307171492
MUS,1991,9283.84516043242
MUS,1992,9759.21929141358
MUS,1993,10134.3273767613
MUS,1994,10406.771389602
MUS,1995,10760.058004935
MUS,1996,11245.7059722003
MUS,1997,11737.4151476327
MUS,1998,12319.8866544456
MUS,1999,12481.8622000201
MUS,2000,13373.655799097
MUS,2001,13712.5793901042
MUS,2002,13837.6258025605
MUS,2003,14551.8784442579
MUS,2004,15087.0687832797
MUS,2005,15264.5981839157
MUS,2006,15932.8192222795
MUS,2007,16774.5685137565
MUS,2008,17627.1121948078
MUS,2009,18171.6870025783
MUS,2010,18925.5713852829
MUS,2011,19678.6022639733
MUS,2012,20313.0328941469
MUS,2013,20952.3775734986
MUS,2014,21721.3096444788
MUS,2015,22499.0254570551
MUS,2016,23357.230006621
MUS,2017,24258.988821567
MUS,2018,25243.886462031
MUS,2019,25958.4900281465
MUS,2020,22272.5398696677
MUS,2021,23010.2013826906
MUS,2022,25005.0666145723
MUS,2023,26471.0351422892
MUS,2024,27844.8956114831
MUS,2025,28769.5128307709
MWI,1990,1047.46436351132
MWI,1991,1104.3904622212
MWI,1992,994.036504790471
MWI,1993,1074.58485213269
MWI,1994,975.849640143399
MWI,1995,1140.75609365079
MWI,1996,1200.32058232422
MWI,1997,1221.09404555353
MWI,1998,1241.52433181826
MWI,1999,1249.77523298871
MWI,2000,1239.39174838676
MWI,2001,1149.58039601898
MWI,2002,1140.84274642418
MWI,2003,1176.12385998737
MWI,2004,1208.2196975075
MWI,2005,1214.7426419188
MWI,2006,1237.27386519947
MWI,2007,1318.33196397214
MWI,2008,1378.42886690465
MWI,2009,1449.72601522136
MWI,2010,1504.37514113215
MWI,2011,1533.22889572405
MWI,2012,1518.14803849238
MWI,2013,1555.50607410511
MWI,2014,1597.56484331405
MWI,2015,1597.69145324855
MWI,2016,1593.59549264808
MWI,2017,1613.0593571462
MWI,2018,1638.91665761076
MWI,2019,1687.28944917892
MWI,2020,1656.43985192533
MWI,2021,1687.59358179651
MWI,2022,1659.95933825168
MWI,2023,1649.29873234551
MWI,2024,1634.24660266597
MWI,2025,1623.02178529282
MYS,1990,12013.6969483112
MYS,1991,12795.0498964228
MYS,1992,13567.8936121181
MYS,1993,14533.790397007
MYS,1994,15474.0144648307
MYS,1995,16568.5160590209
MYS,1996,17771.7118795056
MYS,1997,18604.514527465
MYS,1998,16817.1719190401
MYS,1999,17428.6256563043
MYS,2000,18532.9096706227
MYS,2001,18186.4411330146
MYS,2002,18708.8694877279
MYS,2003,19329.0062757538
MYS,2004,20168.5062099425
MYS,2005,20767.5857243346
MYS,2006,21444.4857715028
MYS,2007,22305.118263117
MYS,2008,22898.0027575442
MYS,2009,22106.6417311801
MYS,2010,23307.9698543785
MYS,2011,24115.8181203958
MYS,2012,25006.3587781537
MYS,2013,25736.3525554142
MYS,2014,26818.4317281659
MYS,2015,27699.6278860387
MYS,2016,28425.3707609412
MYS,2017,29551.5457597197
MYS,2018,30459.9655338061
MYS,2019,31300.5086554849
MYS,2020,29200.452632127
MYS,2021,29822.8491831618
MYS,2022,32129.2217820113
MYS,2023,32857.6676600774
MYS,2024,34116.2317848885
MYS,2025,35461.4465805872
NAC,1990,44001.2866962696
NAC,1991,43294.678029107
NAC,1992,44109.5160995159
NAC,1993,44735.8394519389
NAC,1994,45994.6361911594
NAC,1995,46677.7284439811
NAC,1996,47799.0041600258
NAC,1997,49330.7151815117
NAC,1998,50936.8171803254
NAC,1999,52798.9751017311
NAC,2000,54402.3453045356
NAC,2001,54420.5866049262
NAC,2002,54887.4019899778
NAC,2003,55889.0635834998
NAC,2004,57467.3638694953
NAC,2005,58908.2584676373
NAC,2006,59957.8206045602
NAC,2007,60581.9753282087
NAC,2008,60117.4818737471
NAC,2009,58023.6383008921
NAC,2010,59088.9185210479
NAC,2011,59609.0873919323
NAC,2012,60442.1261871716
NAC,2013,61249.6479379237
NAC,2014,62302.7654278932
NAC,2015,63503.57678579
NAC,2016,64087.4542421837
NAC,2017,65208.2856615564
NAC,2018,66679.8386372116
NAC,2019,67946.3411183071
NAC,2020,66040.8731205658
NAC,2021,69953.4846892959
NAC,2022,71345.564015877
NAC,2023,72628.1971323768
NAC,2024,73737.55979381
NAC,2025,74879.0715449462
NAM,1990,7281.77892577888
NAM,1991,7618.33278184449
NAM,1992,7911.01025804281
NAM,1993,7541.56081791845
NAM,1994,7437.33529036109
NAM,1995,7506.10484034086
NAM,1996,7538.92462342201
NAM,1997,7656.32512542986
NAM,1998,7709.89004370134
NAM,1999,7773.94354148714
NAM,2000,7858.38789521253
NAM,2001,7786.54169496761
NAM,2002,8017.28134128559
NAM,2003,8237.36597245597
NAM,2004,9130.82442337694
NAM,2005,9245.1365329555
NAM,2006,9773.29833199798
NAM,2007,10162.2400708746
NAM,2008,10286.5124067605
NAM,2009,10166.2899453939
NAM,2010,10614.6201576671
NAM,2011,10965.2729759535
NAM,2012,11266.6089486464
NAM,2013,11593.5753768689
NAM,2014,11982.6963648348
NAM,2015,12166.5658392058
NAM,2016,11846.7880832757
NAM,2017,11408.7253099967
NAM,2018,11214.38604306
NAM,2019,10813.3044681944
NAM,2020,9652.24827219463
NAM,2021,9709.09930646771
NAM,2022,9953.09752403491
NAM,2023,10126.2359555611
NAM,2024,10276.3686426386
NAM,2025,10242.2840471219
NER,1990,1420.23063248259
NER,1991,1370.83565180587
NER,1992,1355.33099264922
NER,1993,1317.38596790337
NER,1994,1299.34992459816
NER,1995,1287.93637668331
NER,1996,1246.83503070085
NER,1997,1224.5393437877
NER,1998,1301.84495065524
NER,1999,1255.05402413613
NER,2000,1197.63477205432
NER,2001,1240.385444402
NER,2002,1256.23701340852
NER,2003,1238.58780880353
NER,2004,1199.15937505794
NER,2005,1241.20064789059
NER,2006,1267.601412271
NER,2007,1260.18545165015
NER,2008,1308.2751730424
NER,2009,1285.27757373191
NER,2010,1344.4988701596
NER,2011,1325.92646987416
NER,2012,1411.52001409831
NER,2013,1431.71115490341
NER,2014,1471.50554729559
NER,2015,1480.39815168147
NER,2016,1488.08648074655
NER,2017,1515.48307317618
NER,2018,1565.01970005142
NER,2019,1605.19476569029
NER,2020,1622.27873602911
NER,2021,1587.84784907329
NER,2022,1724.89699425215
NER,2023,1712.97031726521
NER,2024,1795.65266888022
NER,2025,1860.54858272608
NGA,1990,5423.80689586993
NGA,1991,5301.3634227925
NGA,1992,5403.15311796788
NGA,1993,5154.7575789977
NGA,1994,4929.26827912601
NGA,1995,4797.5115213682
NGA,1996,4869.82113323478
NGA,1997,4884.0474326173
NGA,1998,4880.87997109799
NGA,1999,4781.67310983975
NGA,2000,4889.00321921229
NGA,2001,5039.54869754112
NGA,2002,5654.89706044216
NGA,2003,5905.31482781101
NGA,2004,6275.29894506434
NGA,2005,6496.93228175977
NGA,2006,6702.94533333874
NGA,2007,6949.42650711567
NGA,2008,7215.76946195762
NGA,2009,7581.40572089092
NGA,2010,7962.63957281031
NGA,2011,8153.53178650271
NGA,2012,8265.90551181051
NGA,2013,8581.20782264031
NGA,2014,8884.77428628672
NGA,2015,8892.05798673631
NGA,2016,8534.69281482375
NGA,2017,8396.78452243227
NGA,2018,8362.62330860296
NGA,2019,8361.78664836
NGA,2020,7664.21099575168
NGA,2021,7588.47885587002
NGA,2022,7752.26206495247
NGA,2023,7843.00399007675
NGA,2024,7994.03754470824
NGA,2025,8145.14808387469
NIC,1990,4217.60862404171
NIC,1991,4113.68724441326
NIC,1992,4037.27523925249
NIC,1993,3934.09251375615
NIC,1994,3979.9850907218
NIC,1995,4130.28587120845
NIC,1996,4311.49290177286
NIC,1997,4408.32862712595
NIC,1998,4502.59808761279
NIC,1999,4750.94857427409
NIC,2000,4878.2474679883
NIC,2001,4958.32740448527
NIC,2002,4935.48508468148
NIC,2003,5000.61145616409
NIC,2004,5204.38170601052
NIC,2005,5356.95817825808
NIC,2006,5500.40543544526
NIC,2007,5697.2107429964
NIC,2008,5809.09928522386
NIC,2009,5538.36555049931
NIC,2010,5701.12754906379
NIC,2011,5976.25247519395
NIC,2012,6275.78730248003
NIC,2013,6494.14920922407
NIC,2014,6712.21708286288
NIC,2015,6939.03243274344
NIC,2016,7158.75755467501
NIC,2017,7391.19638215265
NIC,2018,7049.02709828403
NIC,2019,6756.59334024487
NIC,2020,6523.36944661195
NIC,2021,7119.16874782601
NIC,2022,7277.82041652584
NIC,2023,7496.53056557505
NIC,2024,7661.09410113202
NIC,2025,7933.48888006412
NLD,1990,43128.3071656086
NLD,1991,43833.4785051351
NLD,1992,44245.5198247957
NLD,1993,44490.7504466441
NLD,1994,45532.7986659915
NLD,1995,46720.2819318959
NLD,1996,48095.986838021
NLD,1997,49881.8947516083
NLD,1998,51879.3596710206
NLD,1999,54134.3514543153
NLD,2000,56016.8327946434
NLD,2001,56887.3976406444
NLD,2002,56664.4027354437
NLD,2003,56452.8695506734
NLD,2004,57391.3516342059
NLD,2005,58422.0304069674
NLD,2006,60391.5155033324
NLD,2007,62601.6612832425
NLD,2008,63678.4005491428
NLD,2009,61029.7329801783
NLD,2010,61518.5768954231
NLD,2011,62318.1391154389
NLD,2012,61480.8416416324
NLD,2013,61281.3125686741
NLD,2014,62045.849197561
NLD,2015,63081.4083495966
NLD,2016,64267.7476553623
NLD,2017,65665.9910229578
NLD,2018,66758.2454283317
NLD,2019,67847.8818461095
NLD,2020,64862.1890353474
NLD,2021,68573.5648786447
NLD,2022,71324.0360229425
NLD,2023,70198.9546022361
NLD,2024,70493.9051219267
NLD,2025,71378.4856331012
NOR,1990,56608.2547514372
NOR,1991,57949.698676313
NOR,1992,59669.7590202519
NOR,1993,61019.8161031696
NOR,1994,63730.8964637618
NOR,1995,66033.8837831197
NOR,1996,68964.9756218258
NOR,1997,72084.8139194678
NOR,1998,73610.1896687065
NOR,1999,74703.5199133097
NOR,2000,76775.9420600924
NOR,2001,78041.0146260585
NOR,2002,78752.5931631095
NOR,2003,79150.3962863661
NOR,2004,82091.1935035949
NOR,2005,83955.3365007578
NOR,2006,85653.1367825864
NOR,2007,87670.8617980792
NOR,2008,87297.3980291813
NOR,2009,84812.6851277638
NOR,2010,84604.5143891947
NOR,2011,84670.8344398355
NOR,2012,85925.8723352057
NOR,2013,85973.7694976801
NOR,2014,86790.7924625691
NOR,2015,87688.1196708993
NOR,2016,88041.6414808956
NOR,2017,89664.9086415829
NOR,2018,90064.0687974358
NOR,2019,90772.9017041865
NOR,2020,89012.2723804504
NOR,2021,92205.7698636049
NOR,2022,95109.8201605729
NOR,2023,94364.9641754336
NOR,2024,94803.6704931641
NOR,2025,95173.4308224367
NPL,1990,1808.26490041654
NPL,1991,1874.27513595212
NPL,1992,1896.97166297747
NPL,1993,1916.94352666156
NPL,1994,2023.11519682155
NPL,1995,2043.60517160069
NPL,1996,2105.50832713857
NPL,1997,2166.3126334505
NPL,1998,2188.2220157023
NPL,1999,2242.65011822095
NPL,2000,2340.81563141298
NPL,2001,2413.8142127556
NPL,2002,2380.24424587571
NPL,2003,2439.49479601556
NPL,2004,2521.54105171428
NPL,2005,2580.23106308364
NPL,2006,2641.34799494749
NPL,2007,2708.7143922589
NPL,2008,2852.60983167965
NPL,2009,2961.83900365912
NPL,2010,3085.31407004502
NPL,2011,3176.65040602417
NPL,2012,3316.50073452021
NPL,2013,3426.5579593796
NPL,2014,3621.73168937112
NPL,2015,3745.26182249477
NPL,2016,3743.7445783578
NPL,2017,4071.70431755798
NPL,2018,4371.38571771897
NPL,2019,4607.52454717112
NPL,2020,4412.5420439395
NPL,2021,4546.22970006289
NPL,2022,4763.38751073946
NPL,2023,4861.230303797
NPL,2024,5047.42449022702
NPL,2025,5276.92387725538
NRU,1990,30127.2258767039
NRU,1991,23840.0138998462
NRU,1992,19622.902992555
NRU,1993,16328.2267186109
NRU,1994,15642.761261834
NRU,1995,14363.6403386489
NRU,1996,12637.7953328118
NRU,1997,11490.4622972958
NRU,1998,10134.9731859484
NRU,1999,9479.51290136533
NRU,2000,8846.08124781221
NRU,2001,8278.92548134223
NRU,2002,7488.89152702519
NRU,2003,7527.37549326971
NRU,2004,7201.87093721601
NRU,2005,7209.75436644373
NRU,2006,7830.71818547398
NRU,2007,6110.38387689914
NRU,2008,7340.51910638777
NRU,2009,6927.86734285808
NRU,2010,6909.24218919312
NRU,2011,7882.14105570292
NRU,2012,9640.80144364362
NRU,2013,9799.7380290632
NRU,2014,11114.3912279587
NRU,2015,11271.9122695363
NRU,2016,11531.3630078665
NRU,2017,10633.2766406018
NRU,2018,10402.6131019197
NRU,2019,11184.5284927206
NRU,2020,11306.0207729999
NRU,2021,12113.787764494
NRU,2022,12019.3492868791
NRU,2023,11858.5184696436
NRU,2024,11957.8785504229
NRU,2025,12134.8920885013
NZL,1990,30785.701752556
NZL,1991,29014.1499420181
NZL,1992,29029.5811361611
NZL,1993,30532.5880166798
NZL,1994,31669.5406509196
NZL,1995,32687.4657703706
NZL,1996,33329.5301011769
NZL,1997,33577.7254994905
NZL,1998,33565.7312220905
NZL,1999,35187.2357200331
NZL,2000,35984.6288016116
NZL,2001,36995.0603198774
NZL,2002,38072.2713835052
NZL,2003,39092.3455202712
NZL,2004,40091.1399487332
NZL,2005,40970.295838255
NZL,2006,41596.8311289998
NZL,2007,42473.1182614499
NZL,2008,41682.2459069155
NZL,2009,41250.9985717425
NZL,2010,41395.370375582
NZL,2011,41961.9202263641
NZL,2012,42693.4234516571
NZL,2013,43453.2814172317
NZL,2014,44369.7664241859
NZL,2015,45097.016468387
NZL,2016,45746.135981069
NZL,2017,46285.9810980642
NZL,2018,46974.6818400482
NZL,2019,47392.1933135172
NZL,2020,46326.3804672976
NZL,2021,48202.0913368233
NZL,2022,49842.9845334162
NZL,2023,49592.5875512098
NZL,2024,48325.3650985684
NZL,2025,48232.6651994696
OED,1990,33168.2298311981
OED,1991,33242.6352659394
OED,1992,33616.3121971947
OED,1993,33779.8396070497
OED,1994,34580.6901712668
OED,1995,35240.9990035223
OED,1996,36072.5872423758
OED,1997,37129.6562248437
OED,1998,37920.9012868331
OED,1999,38877.180707839
OED,2000,40219.7068164739
OED,2001,40475.8813871568
OED,2002,40811.3471480594
OED,2003,41333.2324314448
OED,2004,42397.8667348579
OED,2005,43314.4668519001
OED,2006,44393.8812932118
OED,2007,45303.2152816216
OED,2008,45165.4822304847
OED,2009,43274.1924719738
OED,2010,44296.3842287079
OED,2011,44960.672133865
OED,2012,45281.102496489
OED,2013,45741.9859886325
OED,2014,46491.7899829914
OED,2015,47398.5562028596
OED,2016,47990.2203158456
OED,2017,49000.2450341257
OED,2018,49885.2296815603
OED,2019,50499.1828634038
OED,2020,48279.8578743016
OED,2021,51208.8336430486
OED,2022,52633.5158572918
OED,2023,53203.8203533137
OED,2024,53798.0599443819
OED,2025,54545.7635258645
OMN,1990,35201.5524871089
OMN,1991,35574.6761369599
OMN,1992,36841.4011555658
OMN,1993,37455.340258395
OMN,1994,37782.723828978
OMN,1995,38946.7742715175
OMN,1996,39455.8264119985
OMN,1997,41191.0312402444
OMN,1998,40574.674486189
OMN,1999,40145.9312841691
OMN,2000,42086.0431536301
OMN,2001,43492.2863754557
OMN,2002,42654.1482671623
OMN,2003,41247.5873733105
OMN,2004,41351.7687385072
OMN,2005,41551.1413844552
OMN,2006,42540.4398485334
OMN,2007,43696.9691440917
OMN,2008,46586.3955926767
OMN,2009,48304.1178923167
OMN,2010,48191.6145135737
OMN,2011,44440.3092616125
OMN,2012,41964.0828578552
OMN,2013,40854.4853548905
OMN,2014,39639.9870514802
OMN,2015,39813.7887054675
OMN,2016,39860.9893909688
OMN,2017,38691.1077105097
OMN,2018,38673.6045360857
OMN,2019,38292.3859682752
OMN,2020,37560.5998714953
OMN,2021,38719.4587682049
OMN,2022,39780.2122774985
OMN,2023,37793.6163957515
OMN,2024,36721.0804548374
OMN,2025,36142.9439797194
OSS,1990,14423.3468603592
OSS,1991,14091.5376279518
OSS,1992,13520.1132843319
OSS,1993,13497.7360767486
OSS,1994,13728.8105704333
OSS,1995,14229.3530959369
OSS,1996,14515.944591082
OSS,1997,15253.3468311571
OSS,1998,15436.1925254732
OSS,1999,15713.3051451393
OSS,2000,16811.3428576562
OSS,2001,17039.3162165268
OSS,2002,17362.7308684968
OSS,2003,17897.0165687635
OSS,2004,18438.7138473718
OSS,2005,19025.7152123296
OSS,2006,19972.170220709
OSS,2007,20725.0165004664
OSS,2008,20642.7124569961
OSS,2009,19493.3000281391
OSS,2010,19867.3807612748
OSS,2011,20400.5925129711
OSS,2012,20484.2211190429
OSS,2013,20455.8345932464
OSS,2014,20672.6945499764
OSS,2015,21083.6921175309
OSS,2016,21627.6861621069
OSS,2017,22394.7899889508
OSS,2018,23016.1225593731
OSS,2019,23776.9773929696
OSS,2020,22204.358146968
OSS,2021,23632.4052569572
OSS,2022,24168.7876712146
OSS,2023,24612.8870286862
OSS,2024,25138.8563350085
OSS,2025,25689.4338456009
PAK,1990,3199.72962609833
PAK,1991,3252.35104026309
PAK,1992,3404.12138406329
PAK,1993,3369.23795906028
PAK,1994,3395.50432067539
PAK,1995,3462.47336165841
PAK,1996,3526.14160875155
PAK,1997,3462.58145605889
PAK,1998,3454.17665330544
PAK,1999,3484.45678319813
PAK,2000,3531.71291531612
PAK,2001,3559.72784658715
PAK,2002,3563.67846926558
PAK,2003,3668.77938852508
PAK,2004,3859.64601808903
PAK,2005,4042.15457513378
PAK,2006,4185.86655659206
PAK,2007,4257.92556870432
PAK,2008,4233.34830715497
PAK,2009,4270.43882264229
PAK,2010,4228.7817715945
PAK,2011,4246.06710882497
PAK,2012,4292.02110293486
PAK,2013,4407.14705841377
PAK,2014,4520.23463399286
PAK,2015,4645.28631071145
PAK,2016,4886.61212115378
PAK,2017,5031.56060738433
PAK,2018,5255.06350681272
PAK,2019,5295.95295138203
PAK,2020,5135.01459288839
PAK,2021,5367.27364714762
PAK,2022,5526.27928310213
PAK,2023,5418.7693189297
PAK,2024,5502.0736120186
PAK,2025,5617.25078028458
PAN,1990,10263.6928426466
PAN,1991,10994.5538811637
PAN,1992,11649.8002384174
PAN,1993,12032.8122579156
PAN,1994,12123.3539257861
PAN,1995,12086.6481153656
PAN,1996,12327.8562890077
PAN,1997,13013.8959932208
PAN,1998,13826.5376778781
PAN,1999,14261.7464595428
PAN,2000,14572.9808700068
PAN,2001,14427.8355424862
PAN,2002,14507.1494232714
PAN,2003,14957.5590503323
PAN,2004,15875.1188201453
PAN,2005,16867.9674513124
PAN,2006,18190.281154717
PAN,2007,20208.8293911964
PAN,2008,21867.8272186787
PAN,2009,21822.996136155
PAN,2010,22739.1194141341
PAN,2011,24999.4702655482
PAN,2012,26926.8956928065
PAN,2013,28135.3387835383
PAN,2014,28931.8156401199
PAN,2015,29933.1671530011
PAN,2016,30765.2490653506
PAN,2017,31979.8246437748
PAN,2018,32681.4729886331
PAN,2019,33163.7172814857
PAN,2020,26881.8277221689
PAN,2021,30932.7627780514
PAN,2022,33915.1693306309
PAN,2023,35872.9719200069
PAN,2024,36394.9235366316
PAN,2025,37516.1796428548
PER,1990,6316.2269138715
PER,1991,6321.7220102527
PER,1992,6160.80456813974
PER,1993,6354.40466195469
PER,1994,6996.76185617847
PER,1995,7371.04799020402
PER,1996,7436.18931908276
PER,1997,7772.77834225556
PER,1998,7602.78356076635
PER,1999,7584.30465257181
PER,2000,7668.06078201131
PER,2001,7610.63949294843
PER,2002,7930.50980631714
PER,2003,8173.27672987692
PER,2004,8494.84031217202
PER,2005,8948.74710742664
PER,2006,9546.62529545456
PER,2007,10284.9672238506
PER,2008,11150.0262166889
PER,2009,11202.8654418496
PER,2010,12057.3912963716
PER,2011,12724.8832049429
PER,2012,13393.5923851679
PER,2013,14050.2420319137
PER,2014,14242.6444760801
PER,2015,14540.8313160635
PER,2016,14915.4366324454
PER,2017,15067.489279382
PER,2018,15384.1846082423
PER,2019,15461.4572585466
PER,2020,13607.7640705828
PER,2021,15285.7706852395
PER,2022,15566.5242612563
PER,2023,15342.2741359642
PER,2024,15708.8329440963
PER,2025,16079.1247394843
PHL,1990,4504.46230383567
PHL,1991,4378.39532090518
PHL,1992,4293.71810131081
PHL,1993,4283.15967786629
PHL,1994,4374.06721651165
PHL,1995,4477.32317711022
PHL,1996,4631.77197705972
PHL,1997,4758.70845808515
PHL,1998,4616.67292900617
PHL,1999,4650.75926947589
PHL,2000,4740.43891694569
PHL,2001,4778.4008437474
PHL,2002,4856.49948429567
PHL,2003,5003.38317718716
PHL,2004,5229.45080700165
PHL,2005,5386.81653712891
PHL,2006,5578.57225112139
PHL,2007,5840.06810169965
PHL,2008,5987.03757861835
PHL,2009,5965.30730902221
PHL,2010,6273.03927731515
PHL,2011,6388.31296959977
PHL,2012,6697.55620962768
PHL,2013,7016.53846470436
PHL,2014,7340.361585912
PHL,2015,7691.76308685047
PHL,2016,8131.82537948653
PHL,2017,8584.13622709699
PHL,2018,9016.28659637608
PHL,2019,9452.2939715981
PHL,2020,8455.18457134106
PHL,2021,8857.78995115514
PHL,2022,9457.10395402883
PHL,2023,9898.53294588106
PHL,2024,10378.1717703535
PHL,2025,10747.5454408601
PLW,1990,17807.5300818664
PLW,1991,18256.2992047553
PLW,1992,16687.1163206872
PLW,1993,14292.2383036506
PLW,1994,14971.6205907545
PLW,1995,16193.1449208057
PLW,1996,17412.4278443017
PLW,1997,17366.3122783479
PLW,1998,17315.8341787596
PLW,1999,16054.0503540764
PLW,2000,15410.1740281683
PLW,2001,16393.4521014909
PLW,2002,17033.490272996
PLW,2003,16538.7688424505
PLW,2004,16974.0682933412
PLW,2005,17464.6208167636
PLW,2006,17706.3673621904
PLW,2007,18096.7989531775
PLW,2008,17355.2423019079
PLW,2009,16541.1206311875
PLW,2010,16313.4287679398
PLW,2011,17354.9336767951
PLW,2012,18024.7540996872
PLW,2013,17891.3784371353
PLW,2014,18574.7889489655
PLW,2015,20104.2315379069
PLW,2016,20408.2613269723
PLW,2017,19693.4082379382
PLW,2018,19608.9617027822
PLW,2019,19685.6037989273
PLW,2020,18509.2491855913
PLW,2021,16312.190220013
PLW,2022,16258.6271292912
PLW,2023,16487.15375427
PLW,2024,18499.9921921281
PLW,2025,19698.5947032213
PNG,1990,3164.55429204087
PNG,1991,3358.61893269232
PNG,1992,3690.81786572429
PNG,1993,4206.96808195882
PNG,1994,4298.44184540518
PNG,1995,4009.23567052359
PNG,1996,4167.57013807001
PNG,1997,3864.72542324923
PNG,1998,3590.56011797751
PNG,1999,3532.1120397137
PNG,2000,3327.22485837041
PNG,2001,3212.17084845522
PNG,2002,3101.1924006365
PNG,2003,3064.83667344612
PNG,2004,3046.72321896172
PNG,2005,3136.98756942536
PNG,2006,3202.89763507367
PNG,2007,3346.27900337124
PNG,2008,3234.33247673
PNG,2009,3350.07263964739
PNG,2010,3579.63000710983
PNG,2011,3515.28312517363
PNG,2012,3577.91014722774
PNG,2013,3615.74646029074
PNG,2014,3999.13038811865
PNG,2015,4155.05563962107
PNG,2016,4276.29643263164
PNG,2017,4322.77662200998
PNG,2018,4211.68504310327
PNG,2019,4302.16255230002
PNG,2020,4078.15378358566
PNG,2021,3977.44297360749
PNG,2022,4126.03032145403
PNG,2023,4206.37834691367
PNG,2024,4292.71205430013
PNG,2025,4456.23105962118
POL,1990,12821.4636316574
POL,1991,11879.7539252619
POL,1992,12141.2351323725
POL,1993,12563.1045363124
POL,1994,13200.1614164951
POL,1995,14227.5663687798
POL,1996,15083.09812162
POL,1997,16031.7211485265
POL,1998,16766.6492883267
POL,1999,17556.0026927987
POL,2000,18566.3546288772
POL,2001,18800.6018648402
POL,2002,19166.9137058143
POL,2003,19855.6317989181
POL,2004,20878.6545002534
POL,2005,21568.9476594356
POL,2006,22921.1975887696
POL,2007,24484.0656663756
POL,2008,25553.9058406534
POL,2009,26204.410367111
POL,2010,27112.1333797381
POL,2011,28521.6612623568
POL,2012,28952.9157305301
POL,2013,29168.624211075
POL,2014,30334.8786569618
POL,2015,31700.3682364154
POL,2016,32675.3052259954
POL,2017,34354.5987616319
POL,2018,36500.4114282584
POL,2019,38181.6230334689
POL,2020,37852.8021313639
POL,2021,41059.5847829682
POL,2022,43405.0215797441
POL,2023,43672.7668014946
POL,2024,45153.0439773281
POL,2025,46924.5887897477
PRE,1990,3606.54398991268
PRE,1991,3248.59839417835
PRE,1992,3233.3324028651
PRE,1993,3110.53977591151
PRE,1994,3007.41310613781
PRE,1995,3002.29249935504
PRE,1996,3085.46952197498
PRE,1997,3188.36652614713
PRE,1998,3308.60839607551
PRE,1999,3345.85404324636
PRE,2000,3431.99058523226
PRE,2001,3480.90890614231
PRE,2002,3596.88399002625
PRE,2003,3488.33290730793
PRE,2004,3785.58312127129
PRE,2005,3897.99424559981
PRE,2006,4024.27616541647
PRE,2007,4156.31275431464
PRE,2008,4296.51657824143
PRE,2009,4380.77455783827
PRE,2010,4542.96699291196
PRE,2011,4601.80263323492
PRE,2012,4699.8157799984
PRE,2013,4836.16367046518
PRE,2014,4943.93909593226
PRE,2015,4955.04368705216
PRE,2016,4937.98687866513
PRE,2017,4883.51888202169
PRE,2018,4877.52526198822
PRE,2019,4894.86910665179
PRE,2020,4560.44774666763
PRE,2021,4534.67817255594
PRE,2022,4622.84662154362
PRE,2023,4616.90450089091
PRE,2024,4654.29644706482
PRE,2025,4703.90905404386
PRI,1990,26738.8144405273
PRI,1991,27162.1507880615
PRI,1992,28219.1160498293
PRI,1993,29282.1121792431
PRI,1994,30225.7807602628
PRI,1995,31310.1801642693
PRI,1996,31677.2302541644
PRI,1997,32915.7905705568
PRI,1998,34537.1851859472
PRI,1999,36216.8380896225
PRI,2000,37298.5450447133
PRI,2001,39568.5528383032
PRI,2002,39879.7295566967
PRI,2003,39876.0670237773
PRI,2004,43355.8226365269
PRI,2005,42555.7081189669
PRI,2006,42133.9682748773
PRI,2007,41888.6232716478
PRI,2008,41358.0689136668
PRI,2009,40772.3514249612
PRI,2010,40777.6892825687
PRI,2011,40972.5364074959
PRI,2012,41347.4542013586
PRI,2013,41556.7852350074
PRI,2014,41593.6798280708
PRI,2015,41737.6068571153
PRI,2016,41858.2626698462
PRI,2017,41479.9977732034
PRI,2018,41119.3088051648
PRI,2019,41656.3291581369
PRI,2020,40171.3744461738
PRI,2021,40559.226188957
PRI,2022,42310.8139725719
PRI,2023,42837.872737145
PRI,2024,44216.4333367133
PRI,2025,44603.218055883
PRT,1990,27190.5720267046
PRT,1991,28443.7945360375
PRT,1992,28776.0475772622
PRT,1993,28153.6155177218
PRT,1994,28348.8658386375
PRT,1995,29460.8141864854
PRT,1996,30378.7557756391
PRT,1997,31574.4021979124
PRT,1998,32925.6638725861
PRT,1999,34018.9637066508
PRT,2000,35069.8275705133
PRT,2001,35500.2266804093
PRT,2002,35578.5200309
PRT,2003,35115.379514413
PRT,2004,35658.1298257507
PRT,2005,35870.3092741502
PRT,2006,36387.5367379523
PRT,2007,37226.4702626704
PRT,2008,37291.5048969664
PRT,2009,36092.8109314688
PRT,2010,36703.1141882825
PRT,2011,36127.2949766157
PRT,2012,34804.6333340484
PRT,2013,34651.7719455059
PRT,2014,35097.4098263232
PRT,2015,35803.3575649772
PRT,2016,36636.2978441636
PRT,2017,37943.1150505677
PRT,2018,39123.6151282575
PRT,2019,40188.2868799223
PRT,2020,36852.2287338103
PRT,2021,38657.6677223429
PRT,2022,41070.8611529744
PRT,2023,41768.2583096874
PRT,2024,42228.1580446502
PRT,2025,42576.8139673545
PRY,1990,9961.22171124749
PRY,1991,10039.0438461622
PRY,1992,9947.16439036842
PRY,1993,10177.1689434494
PRY,1994,10457.768545827
PRY,1995,10906.894612986
PRY,1996,10823.9199218797
PRY,1997,11031.6219154476
PRY,1998,10801.1950460495
PRY,1999,10434.0803694109
PRY,2000,9997.3297251405
PRY,2001,9748.02702767691
PRY,2002,9609.53364585336
PRY,2003,9902.19918003817
PRY,2004,10185.9074387779
PRY,2005,10288.800866577
PRY,2006,10671.6449984385
PRY,2007,11140.4629098064
PRY,2008,11749.6546354418
PRY,2009,11599.8198579092
PRY,2010,12736.9672867807
PRY,2011,13107.8104435989
PRY,2012,12833.1801619413
PRY,2013,13698.9722320262
PRY,2014,14217.5580896983
PRY,2015,14425.777586033
PRY,2016,14824.7906280812
PRY,2017,15318.4012187276
PRY,2018,15591.0142663085
PRY,2019,15319.3889991221
PRY,2020,14989.7667130162
PRY,2021,15400.9446332428
PRY,2022,15222.8920228598
PRY,2023,15831.5849831308
PRY,2024,16367.4940166481
PRY,2025,17245.8458423118
PSE,1994,3966.68875052152
PSE,1995,4062.96290335877
PSE,1996,3932.22694732854
PSE,1997,4311.53876740636
PSE,1998,4805.19156878644
PSE,1999,5071.82121719043
PSE,2000,4520.88992531975
PSE,2001,3996.50878001821
PSE,2002,3409.17287422698
PSE,2003,3788.92652721128
PSE,2004,4503.08034061409
PSE,2005,4885.07252184444
PSE,2006,4714.37331793342
PSE,2007,4769.52328096801
PSE,2008,4984.80579890695
PSE,2009,5270.66331643219
PSE,2010,5432.24363072522
PSE,2011,5805.32115329251
PSE,2012,6009.10925822042
PSE,2013,6142.20204342591
PSE,2014,5990.42661523778
PSE,2015,6072.65031768549
PSE,2016,6464.13352537371
PSE,2017,6426.79521615335
PSE,2018,6342.9374800852
PSE,2019,6269.89134527985
PSE,2020,5423.68254653126
PSE,2021,5663.12160743584
PSE,2022,5753.08395899307
PSE,2023,5562.42442563953
PSE,2024,4190.90911333626
PSE,2025,4272.45762077019
PSS,1990,5472.29610727272
PSS,1991,5330.58675721246
PSS,1992,5520.87344527551
PSS,1993,5549.63856144096
PSS,1994,5736.46620206534
PSS,1995,5884.83214446907
PSS,1996,6010.66699919422
PSS,1997,5835.05607310425
PSS,1998,5826.61645152408
PSS,1999,6050.7249525707
PSS,2000,5881.81676747283
PSS,2001,5877.75118308161
PSS,2002,5941.54718486772
PSS,2003,5969.03144612377
PSS,2004,6151.76388674443
PSS,2005,6203.63940608642
PSS,2006,6270.20561026621
PSS,2007,6191.93685021462
PSS,2008,6237.22081249056
PSS,2009,6128.78865472213
PSS,2010,6266.69938542944
PSS,2011,6402.09924410503
PSS,2012,6386.94052753522
PSS,2013,6531.90012102663
PSS,2014,6710.09392298631
PSS,2015,6896.50177083272
PSS,2016,7044.71064474168
PSS,2017,7249.20252559116
PSS,2018,7370.26163890891
PSS,2019,7345.58196205993
PSS,2020,6398.88980378789
PSS,2021,6133.27337662878
PSS,2022,6703.99054222771
PSS,2023,7145.20419623831
PSS,2024,7314.41647178348
PSS,2025,7464.75790445642
PST,1990,36519.9455134056
PST,1991,36552.2289298025
PST,1992,36849.6200126583
PST,1993,36865.5991971415
PST,1994,37634.8163211918
PST,1995,38400.0230487946
PST,1996,39231.8438928608
PST,1997,40326.9427257722
PST,1998,41168.2559180044
PST,1999,42376.7168957967
PST,2000,43905.492095485
PST,2001,44417.508802848
PST,2002,44901.6600902881
PST,2003,45591.7759389496
PST,2004,46849.0191927991
PST,2005,47910.7270616016
PST,2006,49124.6017545878
PST,2007,50178.5292615153
PST,2008,50097.1139120419
PST,2009,48022.2819554498
PST,2010,49202.4977605287
PST,2011,49888.7882058408
PST,2012,50202.3862277536
PST,2013,50706.4050971727
PST,2014,51441.7405935107
PST,2015,52274.7981957443
PST,2016,52980.6671692557
PST,2017,54108.2407867178
PST,2018,55143.3332401636
PST,2019,55954.6056964726
PST,2020,53484.386473395
PST,2021,56629.4428654399
PST,2022,58044.4953903551
PST,2023,58864.5073143586
PST,2024,59533.8945611197
PST,2025,60280.2892550301
QAT,1990,75303.560170822
QAT,1991,71662.2042981946
QAT,1992,77267.1145459223
QAT,1993,73900.5913615776
QAT,1994,72711.0242088213
QAT,1995,72303.4779620852
QAT,1996,73369.8292439364
QAT,1997,91667.4239830935
QAT,1998,96675.8124711663
QAT,1999,95556.8522490874
QAT,2000,98028.5232918526
QAT,2001,96901.5943725606
QAT,2002,99001.4939977461
QAT,2003,98068.1232492499
QAT,2004,112583.929924606
QAT,2005,113384.267001706
QAT,2006,121378.43895737
QAT,2007,115272.510003238
QAT,2008,114879.221727674
QAT,2009,114069.652335284
QAT,2010,132502.281828313
QAT,2011,149025.116325024
QAT,2012,147077.406092637
QAT,2013,138046.596315458
QAT,2014,128013.987050891
QAT,2015,123070.887876565
QAT,2016,120054.408736518
QAT,2017,115064.943662853
QAT,2018,114909.945485127
QAT,2019,113160.973779334
QAT,2020,103061.913422502
QAT,2021,116832.570294098
QAT,2022,114740.12361423
QAT,2023,116159.142564088
QAT,2024,111314.250355891
QAT,2025,110135.696297692
ROU,1990,16316.8446680419
ROU,1991,14332.9706803349
ROU,1992,13195.0418065067
ROU,1993,13415.0188040185
ROU,1994,13962.7738625239
ROU,1995,14863.1855937298
ROU,1996,15488.557478307
ROU,1997,14779.9977262321
ROU,1998,14509.9931843509
ROU,1999,14478.0493538392
ROU,2000,14853.6063681531
ROU,2001,15848.3039143162
ROU,2002,17061.6293695412
ROU,2003,17587.462617764
ROU,2004,19532.4800205184
ROU,2005,20570.925514681
ROU,2006,22354.5637860053
ROU,2007,24328.3931332788
ROU,2008,27039.6000864291
ROU,2009,25761.6305517205
ROU,2010,24902.9044891466
ROU,2011,26150.7476231736
ROU,2012,26767.4556487181
ROU,2013,26941.9318849595
ROU,2014,28156.1307843293
ROU,2015,29181.8781722441
ROU,2016,30189.147723024
ROU,2017,32852.6355672255
ROU,2018,34828.8958637884
ROU,2019,36399.4746080793
ROU,2020,35283.6060358241
ROU,2021,37534.0002643549
ROU,2022,39256.8260854977
ROU,2023,40116.6891416904
ROU,2024,40503.8323253789
ROU,2025,40845.9843440113
RUS,1990,29643.595703125
RUS,1991,28066.921875
RUS,1992,23965.244140625
RUS,1993,21899.517578125
RUS,1994,19153.36328125
RUS,1995,18363.712890625
RUS,1996,17699.869140625
RUS,1997,17977.3515625
RUS,1998,17052.755859375
RUS,1999,18200.3203125
RUS,2000,20104.75
RUS,2001,21219.904296875
RUS,2002,22319.677734375
RUS,2003,24057.927734375
RUS,2004,25894.146484375
RUS,2005,27656.658203125
RUS,2006,30022.671875
RUS,2007,32630.369140625
RUS,2008,34342.2265625
RUS,2009,31654.00390625
RUS,2010,33063.5859375
RUS,2011,34444.64453125
RUS,2012,35740.69921875
RUS,2013,36260.06640625
RUS,2014,35853.24609375
RUS,2015,35037.15234375
RUS,2016,35005.4453125
RUS,2017,35570.703125
RUS,2018,36536.6953125
RUS,2019,37319.3203125
RUS,2020,36376.3359375
RUS,2021,38638.4296875
RUS,2022,38214.69140625
RUS,2023,39881.44921875
RUS,2024,41891.171875
RUS,2025,42357.98828125
RWA,1990,1165.72605253503
RWA,1991,1113.51791998185
RWA,1992,1154.92927021895
RWA,1993,1021.6713088588
RWA,1994,597.262798593604
RWA,1995,966.810405419343
RWA,1996,921.92827675502
RWA,1997,907.980685925245
RWA,1998,948.490660501395
RWA,1999,981.722501554685
RWA,2000,1055.35042339776
RWA,2001,1134.78453153468
RWA,2002,1267.19396540218
RWA,2003,1266.94449487196
RWA,2004,1325.79557312503
RWA,2005,1412.06107949967
RWA,2006,1501.7646218593
RWA,2007,1573.96811218011
RWA,2008,1704.25449057727
RWA,2009,1764.63484961094
RWA,2010,1846.86326840066
RWA,2011,1945.53705383878
RWA,2012,2063.66474823031
RWA,2013,2109.74668811567
RWA,2014,2176.09492014666
RWA,2015,2313.09716940962
RWA,2016,2386.74841002826
RWA,2017,2441.08540816509
RWA,2018,2577.69730366075
RWA,2019,2753.53959810856
RWA,2020,2617.70706034364
RWA,2021,2776.39276387923
RWA,2022,2983.10774007304
RWA,2023,3168.03075281515
RWA,2024,3325.00769683815
RWA,2025,3558.68003753808
SAS,1990,2167.05307825032
SAS,1991,2153.67851336539
SAS,1992,2223.06499275144
SAS,1993,2281.98365680147
SAS,1994,2378.29855614022
SAS,1995,2498.68327723447
SAS,1996,2622.89612404834
SAS,1997,2679.99154602438
SAS,1998,2786.01550520478
SAS,1999,2957.79775686178
SAS,2000,3021.63279439044
SAS,2001,3103.92321367445
SAS,2002,3164.42111189042
SAS,2003,3343.17936577198
SAS,2004,3536.63492979436
SAS,2005,3748.35844477212
SAS,2006,3983.25023893144
SAS,2007,4222.24103901725
SAS,2008,4309.94806835076
SAS,2009,4566.50695762565
SAS,2010,4872.71064899734
SAS,2011,5069.45396503048
SAS,2012,5285.90684170559
SAS,2013,5548.16105526486
SAS,2014,5878.67479791218
SAS,2015,6259.31717310526
SAS,2016,6681.44601575684
SAS,2017,7055.83469512198
SAS,2018,7430.46384287571
SAS,2019,7660.41899011306
SAS,2020,7215.20736191888
SAS,2021,7815.21278442871
SAS,2022,8308.38014181846
SAS,2023,8796.72942063676
SAS,2024,9307.06752508413
SAS,2025,9880.35624819064
SAU,1990,65196.573386053
SAU,1991,67268.5518488763
SAU,1992,67183.9100290945
SAU,1993,64517.6652891052
SAU,1994,62403.6937320122
SAU,1995,60058.3174503511
SAU,1996,59612.8125993665
SAU,1997,58875.5473738828
SAU,1998,58306.622809723
SAU,1999,55878.1736494426
SAU,2000,55962.2661342789
SAU,2001,53309.111388544
SAU,2002,50371.9783079834
SAU,2003,52234.649280791
SAU,2004,54196.5514152953
SAU,2005,54931.7942450845
SAU,2006,54373.737695386
SAU,2007,53318.4191601834
SAU,2008,54407.7081673247
SAU,2009,51760.7643987566
SAU,2010,54911.547517012
SAU,2011,58645.4459416531
SAU,2012,59471.7001909394
SAU,2013,57998.4644619155
SAU,2014,58872.2671400126
SAU,2015,58498.5399040699
SAU,2016,57308.4484127497
SAU,2017,57942.5484983044
SAU,2018,61359.4653740388
SAU,2019,62647.7299487842
SAU,2020,57420.7335736424
SAU,2021,62690.4966645929
SAU,2022,67178.5902274906
SAU,2023,64481.8441927288
SAU,2024,63194.4332528832
SAU,2025,63051.0467257986
SDN,1990,2460.18872070313
SDN,1991,2591.869140625
SDN,1992,2709.7900390625
SDN,1993,2777.27490234375
SDN,1994,2736.47192382813
SDN,1995,2824.63208007813
SDN,1996,2924.29077148438
SDN,1997,3380.18676757813
SDN,1998,3441.17919921875
SDN,1999,3459.22998046875
SDN,2000,3575.85205078125
SDN,2001,3701.548828125
SDN,2002,3814.31323242188
SDN,2003,3946.92260742188
SDN,2004,4041.05712890625
SDN,2005,4152.32275390625
SDN,2006,4299.97412109375
SDN,2007,4415.78515625
SDN,2008,4446.40966796875
SDN,2009,4188.0546875
SDN,2010,4219.8369140625
SDN,2011,4467.6259765625
SDN,2012,4145.931640625
SDN,2013,4130.48583984375
SDN,2014,4207.50048828125
SDN,2015,4159.1943359375
SDN,2016,4174.56103515625
SDN,2017,4061.01831054688
SDN,2018,3816.65991210938
SDN,2019,3625.52319335938
SDN,2020,3401.24975585938
SDN,2021,3248.9755859375
SDN,2022,3132.0771484375
SDN,2023,2181.0791015625
SDN,2024,1861.39794921875
SDN,2025,1873.38562011719
SEN,1990,2923.34412470397
SEN,1991,2917.01427785749
SEN,1992,2874.00297967023
SEN,1993,2834.02797282021
SEN,1994,2757.86087514528
SEN,1995,2835.03272875198
SEN,1996,2822.46837324556
SEN,1997,2840.60808860536
SEN,1998,2938.69162552253
SEN,1999,3050.17800999452
SEN,2000,3093.28791603382
SEN,2001,3149.33113704283
SEN,2002,3075.23157503874
SEN,2003,3170.03494689265
SEN,2004,3240.30201670643
SEN,2005,3301.82076161633
SEN,2006,3301.03152415011
SEN,2007,3316.42037835596
SEN,2008,3359.70567091144
SEN,2009,3371.46166689451
SEN,2010,3403.56707166762
SEN,2011,3362.87940538165
SEN,2012,3405.10864461668
SEN,2013,3385.425906874
SEN,2014,3484.01219750661
SEN,2015,3593.79477121279
SEN,2016,3710.05531591559
SEN,2017,3871.45146786374
SEN,2018,3998.28635303867
SEN,2019,4070.6122705955
SEN,2020,4018.04129279044
SEN,2021,4173.67741399617
SEN,2022,4228.73382643662
SEN,2023,4304.76148721773
SEN,2024,4477.81736836258
SEN,2025,4668.54167658726
SGP,1990,45961.0598271094
SGP,1991,47659.4966886953
SGP,1992,49319.8192699525
SGP,1993,53598.4639619519
SGP,1994,57706.871164823
SGP,1995,59997.0074442828
SGP,1996,61911.5030358083
SGP,1997,64846.0629277791
SGP,1998,61306.7734542676
SGP,1999,64296.6384874384
SGP,2000,68904.1280154511
SGP,2001,66352.1492865891
SGP,2002,68328.932172058
SGP,2003,72497.86860121
SGP,2004,78712.5347297388
SGP,2005,82547.482835778
SGP,2006,87210.0480467646
SGP,2007,91198.1515708456
SGP,2008,88083.2853664583
SGP,2009,85575.755106675
SGP,2010,96280.0168756448
SGP,2011,100153.729405945
SGP,2012,102061.11936105
SGP,2013,105259.693561054
SGP,2014,107990.891202625
SGP,2015,109894.041337341
SGP,2016,112719.947951111
SGP,2017,117492.967994526
SGP,2018,120668.888726158
SGP,2019,120678.341978557
SGP,2020,116684.213596572
SGP,2021,133990.186782104
SGP,2022,134828.001392614
SGP,2023,130296.843789261
SGP,2024,134548.764138482
SGP,2025,139592.612210761
SLB,1990,2352.7006203652
SLB,1991,2418.67567698408
SLB,1992,2644.83937124875
SLB,1993,2670.0180332596
SLB,1994,2802.59157122531
SLB,1995,2996.65555261122
SLB,1996,2958.19818046832
SLB,1997,2848.68465606706
SLB,1998,2805.62563248922
SLB,1999,2717.8753397965
SLB,2000,2277.11363831224
SLB,2001,2055.53771375159
SLB,2002,1960.67504793326
SLB,2003,2050.57140389822
SLB,2004,2168.78371648018
SLB,2005,2287.56668822715
SLB,2006,2340.95143662493
SLB,2007,2384.62333040945
SLB,2008,2490.10207495758
SLB,2009,2515.21324036507
SLB,2010,2682.62900140516
SLB,2011,2777.83439007893
SLB,2012,2743.8100151451
SLB,2013,2783.94856666363
SLB,2014,2716.77005403122
SLB,2015,2665.06620679799
SLB,2016,2715.58152252659
SLB,2017,2704.00988015555
SLB,2018,2686.46317027984
SLB,2019,2661.95770893588
SLB,2020,2515.46369413305
SLB,2021,2450.18399709553
SLB,2022,2330.40164523401
SLB,2023,2339.87469992347
SLB,2024,2353.54960111186
SLB,2025,2382.1314520674
SLE,1990,2703.59918629871
SLE,1991,2734.96862464111
SLE,1992,2257.44939799545
SLE,1993,2293.56353968674
SLE,1994,2240.29005030091
SLE,1995,2058.07683254999
SLE,1996,2084.18222586052
SLE,1997,1936.55653047839
SLE,1998,1951.82091057926
SLE,1999,1903.32696049411
SLE,2000,1981.5060863596
SLE,2001,1749.35086270429
SLE,2002,2089.26152672652
SLE,2003,2196.28134480717
SLE,2004,2260.83818892177
SLE,2005,2296.65767816581
SLE,2006,2342.75461064658
SLE,2007,2377.80530040404
SLE,2008,2404.65198710572
SLE,2009,2376.58254446039
SLE,2010,2459.76814343236
SLE,2011,2590.52839404167
SLE,2012,2792.92626459232
SLE,2013,3124.72832355066
SLE,2014,2812.5283210882
SLE,2015,2628.17058065746
SLE,2016,2732.26093913215
SLE,2017,2753.42719762222
SLE,2018,2767.38003296688
SLE,2019,2852.66269829967
SLE,2020,2752.62615355663
SLE,2021,2849.38865839009
SLE,2022,2934.7332634039
SLE,2023,3034.94608192505
SLE,2024,3098.76290446676
SLE,2025,3176.23681292996
SLV,1990,5976.01762522026
SLV,1991,5960.05892897788
SLV,1992,6275.18767116905
SLV,1993,6553.07234073841
SLV,1994,6795.50608897192
SLV,1995,7057.92025248354
SLV,1996,7062.30007824136
SLV,1997,7234.94456228435
SLV,1998,7381.114604175
SLV,1999,7498.46741097206
SLV,2000,7545.44796218991
SLV,2001,7580.32338410159
SLV,2002,7675.67106195114
SLV,2003,7780.27177685599
SLV,2004,7841.53237886842
SLV,2005,8050.5345128919
SLV,2006,8404.24674903143
SLV,2007,8548.83476118605
SLV,2008,8704.80584632591
SLV,2009,8494.49847423621
SLV,2010,8648.92982717672
SLV,2011,8945.93132970006
SLV,2012,9162.56212613508
SLV,2013,9329.46202222861
SLV,2014,9451.744607867
SLV,2015,9646.15432339854
SLV,2016,9863.76121214453
SLV,2017,10064.7934942601
SLV,2018,10297.203612692
SLV,2019,10543.9383291317
SLV,2020,9692.44931605799
SLV,2021,10809.713399518
SLV,2022,11085.6166169553
SLV,2023,11404.3342262685
SLV,2024,11647.0234480127
SLV,2025,12050.028265702
SMR,1997,66923.0325833928
SMR,1998,71024.5618775074
SMR,1999,76474.1322767635
SMR,2000,77149.4185798293
SMR,2001,80420.7725451516
SMR,2002,79649.5350498753
SMR,2003,81688.3814188309
SMR,2004,80724.8114711728
SMR,2005,81632.1776324722
SMR,2006,83781.550199101
SMR,2007,86785.0210208274
SMR,2008,85120.2897275883
SMR,2009,73093.8341489444
SMR,2010,68669.2549485757
SMR,2011,64214.120906595
SMR,2012,58176.3797454761
SMR,2013,58467.9789128485
SMR,2014,58743.5863890151
SMR,2015,59647.6600146934
SMR,2016,60669.8228947966
SMR,2017,59524.5606827202
SMR,2018,59194.04440794
SMR,2019,60171.0506033928
SMR,2020,55998.0734625278
SMR,2021,64745.1322795901
SMR,2022,70887.5780565982
SMR,2023,70951.7919690715
SOM,1991,837.267022794963
SOM,1992,803.787078571081
SOM,1993,812.557291159654
SOM,1994,634.727734129305
SOM,1995,636.662071308104
SOM,1996,663.3511315489
SOM,1997,648.017163550687
SOM,1998,662.674857185983
SOM,1999,682.979123343615
SOM,2000,702.850071117661
SOM,2001,723.37973295059
SOM,2002,749.913550912524
SOM,2003,777.884552733128
SOM,2004,803.059780580226
SOM,2005,830.807245939502
SOM,2006,857.993655902122
SOM,2007,887.369352235607
SOM,2008,919.132083453107
SOM,2009,956.220325392593
SOM,2010,995.225555512017
SOM,2011,1054.36214979093
SOM,2012,1114.8041489283
SOM,2013,1197.72166459722
SOM,2014,1259.27432882605
SOM,2015,1343.92517439594
SOM,2016,1384.15517410124
SOM,2017,1527.66029071648
SOM,2018,1504.97908203481
SOM,2019,1491.29493918405
SOM,2020,1396.05544674978
SOM,2021,1392.31782053371
SOM,2022,1387.54753732191
SOM,2023,1401.64735228455
SOM,2024,1409.33492233283
SOM,2025,1403.81389064466
SRB,1995,9444.75162494749
SRB,1996,10035.0139750021
SRB,1997,10965.4824117527
SRB,1998,11598.330749239
SRB,1999,10438.4610153954
SRB,2000,11105.9488237331
SRB,2001,11879.1763909711
SRB,2002,12661.9396115325
SRB,2003,13273.6900656327
SRB,2004,14194.3651317933
SRB,2005,15077.5586462578
SRB,2006,15727.4033683685
SRB,2007,17028.0866985832
SRB,2008,17983.2811855695
SRB,2009,17488.1227241581
SRB,2010,17841.4312599018
SRB,2011,17986.5840283539
SRB,2012,17993.8147169993
SRB,2013,18163.2047330246
SRB,2014,17922.4357685757
SRB,2015,18247.8091057968
SRB,2016,18889.3816415548
SRB,2017,19438.9917129776
SRB,2018,20454.225884367
SRB,2019,21541.1264037184
SRB,2020,21479.0788553347
SRB,2021,23406.3065657117
SRB,2022,24651.8478183529
SRB,2023,25735.1334774195
SRB,2024,26900.7415340646
SRB,2025,27603.3916309287
SSA,1990,3776.50845984511
SSA,1991,3693.92365132483
SSA,1992,3586.692337476
SSA,1993,3447.01550750533
SSA,1994,3383.2517472887
SSA,1995,3401.12538852783
SSA,1996,3482.9657524372
SSA,1997,3531.18512078905
SSA,1998,3529.50972450317
SSA,1999,3509.45956428651
SSA,2000,3534.70587189064
SSA,2001,3592.57344712939
SSA,2002,3732.68238996596
SSA,2003,3788.02167205614
SSA,2004,3939.58298141437
SSA,2005,4065.86938644099
SSA,2006,4197.05577656382
SSA,2007,4335.8656884027
SSA,2008,4443.73351543474
SSA,2009,4477.4566945111
SSA,2010,4631.14077014951
SSA,2011,4711.55900120705
SSA,2012,4774.00118699953
SSA,2013,4894.49542314043
SSA,2014,5001.112536621
SSA,2015,5017.95424219798
SSA,2016,4954.34861846369
SSA,2017,4950.9087329327
SSA,2018,4960.78415927401
SSA,2019,4960.03991221743
SSA,2020,4675.79132727431
SSA,2021,4718.40031939935
SSA,2022,4793.06085560333
SSA,2023,4807.21723713092
SSA,2024,4870.62629918304
SSA,2025,4960.99925544113
SSF,1990,3778.06278298322
SSF,1991,3695.49669475325
SSF,1992,3588.38052775321
SSF,1993,3448.82105754797
SSF,1994,3384.95251744949
SSF,1995,3402.78267461483
SSF,1996,3484.76695002218
SSF,1997,3533.19594417372
SSF,1998,3531.51838340967
SSF,1999,3511.45394031025
SSF,2000,3536.74164552249
SSF,2001,3594.49268935584
SSF,2002,3734.54815647759
SSF,2003,3789.70221048341
SSF,2004,3941.14291024738
SSF,2005,4067.54686495063
SSF,2006,4198.85922825456
SSF,2007,4337.79844704611
SSF,2008,4445.5273501557
SSF,2009,4479.1406301998
SSF,2010,4632.84408191438
SSF,2011,4713.42233131106
SSF,2012,4775.8739329678
SSF,2013,4896.32543067071
SSF,2014,5002.96695140382
SSF,2015,5019.95019038994
SSF,2016,4956.58486807326
SSF,2017,4953.2648572016
SSF,2018,4963.20882492551
SSF,2019,4962.55290682237
SSF,2020,4677.92219768928
SSF,2021,4720.48407808675
SSF,2022,4795.24715624599
SSF,2023,4809.48422824725
SSF,2024,4872.91556737875
SSF,2025,4963.3760177896
SST,1990,12972.8696136279
SST,1991,12772.7070111196
SST,1992,12548.4784954924
SST,1993,12511.8296627357
SST,1994,12769.542925409
SST,1995,13164.0125114313
SST,1996,13504.6264827435
SST,1997,14087.3048454144
SST,1998,14352.9783783546
SST,1999,14708.7703636254
SST,2000,15514.5363818178
SST,2001,15729.0854144625
SST,2002,16095.2953198447
SST,2003,16725.5980095054
SST,2004,17308.1619537788
SST,2005,17926.7361863699
SST,2006,18934.0339750992
SST,2007,19592.5639538724
SST,2008,19636.9550115867
SST,2009,18696.6740492489
SST,2010,19016.7659318866
SST,2011,19390.3808189536
SST,2012,19647.9643191463
SST,2013,19725.1292380478
SST,2014,19992.2837971004
SST,2015,20214.6306771707
SST,2016,20323.0292175365
SST,2017,20732.8384950461
SST,2018,21165.1370912777
SST,2019,21662.7739795661
SST,2020,20101.6503085454
SST,2021,21262.5948218682
SST,2022,22478.8845331697
SST,2023,23393.3466796632
SST,2024,24725.3895821776
SST,2025,25668.7054117567
STP,1990,3883.20429842266
STP,1991,3844.8963771482
STP,1992,3798.88352929514
STP,1993,3771.28612416062
STP,1994,3788.48370442152
STP,1995,3802.29132302174
STP,1996,3801.08164933857
STP,1997,3784.7902343178
STP,1998,3828.99823839083
STP,1999,3878.13108525246
STP,2000,3852.89042721453
STP,2001,3907.0192818698
STP,2002,3942.76040695115
STP,2003,4161.63833167542
STP,2004,4202.56186898775
STP,2005,4371.49721644128
STP,2006,4644.18044669991
STP,2007,4698.08416961839
STP,2008,4873.1813112046
STP,2009,4919.19529822865
STP,2010,4882.04796466341
STP,2011,4876.47315792145
STP,2012,4919.55294386577
STP,2013,5072.11200195866
STP,2014,5223.09572886388
STP,2015,5210.2037755431
STP,2016,5388.5091334891
STP,2017,5521.20249597413
STP,2018,5674.72379094011
STP,2019,5702.08347071236
STP,2020,5742.94724858826
STP,2021,5732.69456061536
STP,2022,5632.13890715047
STP,2023,5541.3016760535
STP,2024,5511.87785469752
STP,2025,5459.21311766335
SUR,1990,17137.6509700556
SUR,1991,17493.4962257426
SUR,1992,17455.1256454322
SUR,1993,16217.1660347103
SUR,1994,16648.5345258933
SUR,1995,16368.311360582
SUR,1996,16184.4999295065
SUR,1997,16754.3511427064
SUR,1998,16789.7549005356
SUR,1999,16217.5173031438
SUR,2000,16220.1790603262
SUR,2001,16556.9440609927
SUR,2002,16678.0718706582
SUR,2003,17383.5015505612
SUR,2004,18585.5170864176
SUR,2005,19220.2839696605
SUR,2006,20113.6707547695
SUR,2007,20902.1391589279
SUR,2008,21515.8119551093
SUR,2009,21906.4105447498
SUR,2010,22772.4754543689
SUR,2011,23829.5332856393
SUR,2012,24193.8412373922
SUR,2013,24624.0219854601
SUR,2014,24414.3554759734
SUR,2015,23327.5252497447
SUR,2016,21950.4122148625
SUR,2017,22070.5137570835
SUR,2018,22938.5353715545
SUR,2019,22966.7405999124
SUR,2020,19091.3617184226
SUR,2021,18458.234999681
SUR,2022,18742.5873760369
SUR,2023,19020.8663751009
SUR,2024,19179.101839106
SUR,2025,19357.3907969318
SVK,1990,17521.025057579
SVK,1991,14955.954207806
SVK,1992,13946.1630793919
SVK,1993,14157.1814374204
SVK,1994,14976.5773554129
SVK,1995,15805.4133298742
SVK,1996,16737.1722199043
SVK,1997,17622.7797477898
SVK,1998,18272.5224455534
SVK,1999,18167.4957173327
SVK,2000,18335.6834506937
SVK,2001,18906.6014279038
SVK,2002,19748.9318737056
SVK,2003,20721.7128107535
SVK,2004,21842.9563752621
SVK,2005,23257.1758521642
SVK,2006,25331.8740217421
SVK,2007,28064.2457264668
SVK,2008,29544.090596762
SVK,2009,27880.4111227638
SVK,2010,29745.9196662166
SVK,2011,30468.8257049455
SVK,2012,30894.3118010926
SVK,2013,31078.1848215695
SVK,2014,31888.805351531
SVK,2015,33507.7913603774
SVK,2016,34116.4502039273
SVK,2017,35042.7858925618
SVK,2018,36415.7920529507
SVK,2019,37194.2104548698
SVK,2020,36201.4863805533
SVK,2021,38330.302743447
SVK,2022,38648.9855746919
SVK,2023,39501.9474231962
SVK,2024,40302.4514288424
SVK,2025,40689.8179557427
SVN,1990,25349.79771871
SVN,1991,23078.9929501783
SVN,1992,21850.057102159
SVN,1993,22524.9591876226
SVN,1994,23752.4377245413
SVN,1995,24722.6569167591
SVN,1996,25458.8966701239
SVN,1997,26811.4873226649
SVN,1998,27693.2827424197
SVN,1999,29131.350613532
SVN,2000,30061.2061910089
SVN,2001,30862.8959874504
SVN,2002,31836.5215656188
SVN,2003,32833.9045969454
SVN,2004,34304.5565023331
SVN,2005,35565.0427189638
SVN,2006,37546.4956078863
SVN,2007,40002.7018991991
SVN,2008,41286.3462491223
SVN,2009,37809.1735513927
SVN,2010,38063.314683572
SVN,2011,38233.2905622851
SVN,2012,37040.7082746106
SVN,2013,36685.7496645094
SVN,2014,37662.2559898098
SVN,2015,38534.6437425951
SVN,2016,39674.8931561968
SVN,2017,41700.651085028
SVN,2018,43369.221946981
SVN,2019,44577.9418583069
SVN,2020,42471.5228031277
SVN,2021,45922.6632600134
SVN,2022,47058.8865960028
SVN,2023,47986.4195855821
SVN,2024,48658.0265180267
SVN,2025,49091.0184405902
SWE,1990,40199.7074219831
SWE,1991,39469.0716472828
SWE,1992,38783.6397676396
SWE,1993,37762.5408221358
SWE,1994,39000.8277233984
SWE,1995,40385.2139711185
SWE,1996,41008.3531746727
SWE,1997,42241.0607742258
SWE,1998,44010.1074358278
SWE,1999,45823.3018418117
SWE,2000,47868.5077292571
SWE,2001,48389.8185132591
SWE,2002,49331.2032555738
SWE,2003,50072.4736462925
SWE,2004,51960.5321902953
SWE,2005,53198.67120001
SWE,2006,55373.9338115393
SWE,2007,56737.3689179302
SWE,2008,55777.3973050094
SWE,2009,52950.7103332467
SWE,2010,55520.4324178534
SWE,2011,56846.1368290625
SWE,2012,56193.3287488246
SWE,2013,56353.0856347897
SWE,2014,57077.6693544196
SWE,2015,58955.6412361461
SWE,2016,59460.2872722689
SWE,2017,59769.0136237
SWE,2018,60124.5711994179
SWE,2019,61070.5243445838
SWE,2020,59458.2805291969
SWE,2021,62190.8526983825
SWE,2022,62544.5002248644
SWE,2023,62122.5116950792
SWE,2024,62558.4065876041
SWE,2025,63362.4612808079
SWZ,1990,5447.73900233346
SWZ,1991,5325.35246393254
SWZ,1992,5291.89628992752
SWZ,1993,5299.53230191625
SWZ,1994,5427.35001977251
SWZ,1995,5693.82195475567
SWZ,1996,5796.65255094723
SWZ,1997,5876.80341710822
SWZ,1998,5952.85423199252
SWZ,1999,6062.34805932084
SWZ,2000,6106.07478740465
SWZ,2001,6135.45299954297
SWZ,2002,6335.81351839193
SWZ,2003,6578.30152863605
SWZ,2004,6775.2217412302
SWZ,2005,7142.1921864324
SWZ,2006,7584.72030617794
SWZ,2007,7866.73073455273
SWZ,2008,7926.37961138221
SWZ,2009,7988.59750005303
SWZ,2010,8245.64153332215
SWZ,2011,8350.89190932865
SWZ,2012,8645.84478287802
SWZ,2013,8951.05749805891
SWZ,2014,9084.49405780635
SWZ,2015,9186.65344720515
SWZ,2016,9402.50834103681
SWZ,2017,9660.55161538086
SWZ,2018,9578.10061089805
SWZ,2019,10099.5863118406
SWZ,2020,9695.82498058755
SWZ,2021,9990.43491951205
SWZ,2022,9927.60567008139
SWZ,2023,10181.5040730397
SWZ,2024,10386.2145717572
SWZ,2025,10706.7778049468
SXM,2009,50980.9400838983
SXM,2010,52140.59965779
SXM,2011,53786.2462000327
SXM,2012,53357.003462797
SXM,2013,52801.4031054792
SXM,2014,52439.4736756048
SXM,2015,51375.6032503737
SXM,2016,50817.6814942681
SXM,2017,46088.3583839152
SXM,2018,42154.1020267504
SXM,2019,45996.7912346922
SXM,2020,39265.7616790568
SXM,2021,40507.0672411717
SXM,2022,45515.6528430026
SXM,2023,46571.08813424
SXM,2024,47303.1946453277
SXM,2025,48273.4254596158
SYC,1990,15478.8475444228
SYC,1991,15695.670838946
SYC,1992,16744.5080816034
SYC,1993,17596.8977617171
SYC,1994,16716.5207188923
SYC,1995,16552.4547815231
SYC,1996,17942.1733036627
SYC,1997,19895.1422188431
SYC,1998,19991.2293154949
SYC,1999,19969.3513746174
SYC,2000,20633.6746950761
SYC,2001,20147.4187656167
SYC,2002,19777.7525249721
SYC,2003,18825.2206936189
SYC,2004,18356.4711447212
SYC,2005,19917.1194534221
SYC,2006,21341.8597526003
SYC,2007,23117.8555224771
SYC,2008,21990.3685269705
SYC,2009,21361.1307875284
SYC,2010,21708.7554506566
SYC,2011,24406.4129764105
SYC,2012,24919.955210328
SYC,2013,24770.6514591794
SYC,2014,25379.4180707013
SYC,2015,27032.2083880002
SYC,2016,29905.1347389952
SYC,2017,31595.6680570505
SYC,2018,32841.4242467381
SYC,2019,34346.0708923483
SYC,2020,30056.1994300968
SYC,2021,29979.8272686091
SYC,2022,27275.6883819803
SYC,2023,28713.6672353088
SYC,2024,29288.019181519
SYC,2025,30638.7217194523
SYR,1990,5952.3583016801
SYR,1991,6210.41568146904
SYR,1992,6803.92916498791
SYR,1993,7007.72494284254
SYR,1994,7294.86310469369
SYR,1995,7589.39692908815
SYR,1996,8112.37387274033
SYR,1997,8299.18931658219
SYR,1998,8636.63340064551
SYR,1999,8120.49247797398
SYR,2000,7973.98131632478
SYR,2001,8075.78409924022
SYR,2002,8502.49347216329
SYR,2003,8351.46523749691
SYR,2004,8710.00892967907
SYR,2005,9016.72035122178
SYR,2006,9074.77248149943
SYR,2007,9017.08718303559
SYR,2008,9093.12956891463
SYR,2009,9481.56997895749
SYR,2010,9749.57445219825
SYR,2011,9854.03380162757
SYR,2012,7296.32886794228
SYR,2013,5648.60213025874
SYR,2014,5414.37509688242
SYR,2015,5414.83905242808
SYR,2016,5128.91822862296
SYR,2017,5083.65173888422
SYR,2018,5061.49399424562
SYR,2019,4928.02885412028
SYR,2020,4810.61072632598
SYR,2021,4765.52911357702
SYR,2022,4579.43973633341
TCA,2007,21878.8206013071
TCA,2008,22689.3160133769
TCA,2009,17512.1977777876
TCA,2010,17000.2227766463
TCA,2011,17147.424764127
TCA,2012,16024.6915652254
TCA,2013,15461.873511271
TCA,2014,16138.8487604249
TCA,2015,17201.7720345933
TCA,2016,17625.7202843515
TCA,2017,29540.3537473151
TCA,2018,30286.1196112151
TCA,2019,30611.2130237381
TCA,2020,19702.5368196855
TCA,2021,25056.4880515569
TCA,2022,28209.6242536079
TCA,2023,31839.3705381969
TCA,2024,33390.5267148059
TCD,1990,1711.36988441453
TCD,1991,1790.73791101488
TCD,1992,1853.67667632384
TCD,1993,1526.05432531318
TCD,1994,1642.51653215853
TCD,1995,1591.14154055224
TCD,1996,1555.91392490883
TCD,1997,1588.09860417129
TCD,1998,1641.05715330822
TCD,1999,1573.58531388243
TCD,2000,1506.7157720422
TCD,2001,1626.56683128523
TCD,2002,1704.2729514734
TCD,2003,1878.58578618822
TCD,2004,2400.97004978207
TCD,2005,2705.81650832729
TCD,2006,2596.03235455456
TCD,2007,2613.47387385767
TCD,2008,2601.36125803883
TCD,2009,2474.70758352529
TCD,2010,2717.40540181819
TCD,2011,2741.0708339941
TCD,2012,2886.27474563619
TCD,2013,2864.11301407361
TCD,2014,2820.67795066663
TCD,2015,2822.57929900014
TCD,2016,2622.59780844501
TCD,2017,2496.26213643158
TCD,2018,2552.37036387707
TCD,2019,2604.53153661789
TCD,2020,2513.02922729305
TCD,2021,2435.07274651099
TCD,2022,2449.48251052296
TCD,2023,2433.53330962707
TCD,2024,2430.73298355271
TCD,2025,2480.50962500924
TEA,1990,2543.85696379398
TEA,1991,2698.66598317944
TEA,1992,2932.66503207124
TEA,1993,3192.61002178197
TEA,1994,3470.77308717757
TEA,1995,3753.27792428099
TEA,1996,4030.41199316881
TEA,1997,4244.23739057317
TEA,1998,4233.17759157153
TEA,1999,4433.88241548544
TEA,2000,4713.16955867766
TEA,2001,4969.61452922338
TEA,2002,5304.26396994863
TEA,2003,5708.77107382473
TEA,2004,6155.36986088902
TEA,2005,6679.74546218337
TEA,2006,7309.54901669439
TEA,2007,8093.65313760912
TEA,2008,8684.60617683457
TEA,2009,9251.92190189246
TEA,2010,10056.9644387466
TEA,2011,10788.8596740347
TEA,2012,11489.3717999709
TEA,2013,12195.4108634433
TEA,2014,12914.302342174
TEA,2015,13646.3812355606
TEA,2016,14404.656964798
TEA,2017,15229.7169213936
TEA,2018,16103.8618914204
TEA,2019,16941.9471937892
TEA,2020,17004.8072538713
TEA,2021,18167.4009161466
TEA,2022,18808.9383411671
TEA,2023,19743.1112151119
TEA,2024,20684.2265655327
TEA,2025,21676.7936772976
TEC,1990,19345.0251873987
TEC,1991,18058.6477571728
TEC,1992,16059.6839331539
TEC,1993,14987.6975720188
TEC,1994,13410.4698920037
TEC,1995,13158.8269742658
TEC,1996,13085.5515653239
TEC,1997,13361.2809065093
TEC,1998,13174.6486446478
TEC,1999,13555.5871695726
TEC,2000,14595.0711135375
TEC,2001,15131.0651900248
TEC,2002,15899.5974213638
TEC,2003,16935.5538252528
TEC,2004,18285.8767112422
TEC,2005,19454.1336352698
TEC,2006,20994.707627893
TEC,2007,22657.1349385733
TEC,2008,23653.990951491
TEC,2009,22249.6950356121
TEC,2010,23167.2207575598
TEC,2011,24330.2540578139
TEC,2012,25017.564733224
TEC,2013,25612.5772709157
TEC,2014,25858.1655880354
TEC,2015,25834.8173197386
TEC,2016,26118.7773736522
TEC,2017,27008.5506544179
TEC,2018,27881.0262510333
TEC,2019,28540.7387047996
TEC,2020,27962.5237763209
TEC,2021,29918.4650718143
TEC,2022,30179.7870902442
TEC,2023,31509.9061055568
TEC,2024,32713.0152698707
TEC,2025,33366.1890685534
TGO,1990,2409.14819593078
TGO,1991,2324.31142051729
TGO,1992,2169.39272878269
TGO,1993,1863.03725042104
TGO,1994,2133.27158147519
TGO,1995,2185.1955668286
TGO,1996,2278.14214284206
TGO,1997,2519.00042956277
TGO,1998,2400.05346254709
TGO,1999,2399.45741291511
TGO,2000,2321.9504188468
TGO,2001,2283.5849230071
TGO,2002,2312.96463035074
TGO,2003,2407.5857838237
TGO,2004,2326.60102463281
TGO,2005,2164.01599552728
TGO,2006,2158.94393995769
TGO,2007,2067.21836135015
TGO,2008,2082.64201553182
TGO,2009,2126.4413192509
TGO,2010,2181.59889262038
TGO,2011,2246.56204522679
TGO,2012,2333.19276737886
TGO,2013,2416.37805101152
TGO,2014,2501.43253092917
TGO,2015,2588.27260980499
TGO,2016,2648.90084835076
TGO,2017,2708.61122396846
TGO,2018,2787.56398409759
TGO,2019,2862.62661160331
TGO,2020,2861.29796240513
TGO,2021,2952.09730066985
TGO,2022,3086.40878742334
TGO,2023,3215.82300022488
TGO,2024,3351.24993111939
TGO,2025,3485.98184512074
THA,1990,8702.899560469
THA,1991,9295.04057342995
THA,1992,9887.97373654022
THA,1993,10539.9611081001
THA,1994,11216.2548285636
THA,1995,11955.2188089811
THA,1996,12457.6820831228
THA,1997,11954.1474335919
THA,1998,10898.3370239872
THA,1999,11254.6098303333
THA,2000,11623.7874580461
THA,2001,11902.6109229705
THA,2002,12513.5421967032
THA,2003,13288.7481561137
THA,2004,13998.521730812
THA,2005,14459.825626203
THA,2006,15052.6955101059
THA,2007,15744.3652449147
THA,2008,15893.5084947968
THA,2009,15667.6047343164
THA,2010,16732.187029014
THA,2011,16768.1688542486
THA,2012,17871.5786477565
THA,2013,18244.4071505088
THA,2014,18326.604873747
THA,2015,18814.0408554566
THA,2016,19372.7128024107
THA,2017,20096.8605455164
THA,2018,20882.1707419576
THA,2019,21280.1504518601
THA,2020,19950.2844063147
THA,2021,20236.9760408784
THA,2022,20768.4800093577
THA,2023,21245.2706771879
THA,2024,21882.2142474833
THA,2025,22431.7518380848
TJK,1990,4173.04607982249
TJK,1991,3777.10750632183
TJK,1992,2630.38658066186
TJK,1993,2169.96747353928
TJK,1994,1678.33851733918
TJK,1995,1439.50277584065
TJK,1996,1175.79407235242
TJK,1997,1181.28110133633
TJK,1998,1236.67552895556
TJK,1999,1275.82249026045
TJK,2000,1365.23327447129
TJK,2001,1467.39882474638
TJK,2002,1594.93890470219
TJK,2003,1736.64039749855
TJK,2004,1878.28696227255
TJK,2005,1965.30020458256
TJK,2006,2063.288508243
TJK,2007,2181.89798056536
TJK,2008,2308.09430040334
TJK,2009,2349.50030269416
TJK,2010,2449.27358745359
TJK,2011,2572.48074895498
TJK,2012,2700.09546037358
TJK,2013,2828.38542075147
TJK,2014,2943.08867917317
TJK,2015,3041.44479553257
TJK,2016,3169.9667820524
TJK,2017,3312.71202243506
TJK,2018,3479.69235966041
TJK,2019,3649.88375518646
TJK,2020,3724.7489591466
TJK,2021,3985.91247611219
TJK,2022,4213.75618362687
TJK,2023,4472.3241378777
TJK,2024,4755.93296704719
TJK,2025,5061.84700623649
TKM,1990,7850.71328943211
TKM,1991,7304.00728889148
TKM,1992,6071.08330709863
TKM,1993,6028.1027314614
TKM,1994,4883.21714193014
TKM,1995,4451.02809349502
TKM,1996,4668.36342670059
TKM,1997,4066.63089252014
TKM,1998,4282.50714571282
TKM,1999,4898.42375360035
TKM,2000,5064.28782418685
TKM,2001,5179.46446676106
TKM,2002,5090.38095183744
TKM,2003,5154.7509814614
TKM,2004,5309.64539382487
TKM,2005,5889.84657742616
TKM,2006,6415.71290854977
TKM,2007,6993.52911567076
TKM,2008,7870.0271753063
TKM,2009,8186.87833253045
TKM,2010,8758.89686680508
TKM,2011,9837.56345513458
TKM,2012,10689.3537347285
TKM,2013,11516.3741234527
TKM,2014,12423.9246417745
TKM,2015,12926.6637306966
TKM,2016,13420.3849717471
TKM,2017,13963.4045877295
TKM,2018,14499.1684377606
TKM,2019,15080.9034007693
TKM,2020,15630.9145192529
TKM,2021,16259.8700051884
TKM,2022,16943.6046037141
TKM,2023,17685.8585929282
TKM,2024,18470.7438450744
TKM,2025,19313.9430262025
TLA,1990,12390.7892115963
TLA,1991,12567.6202754437
TLA,1992,12691.1338514121
TLA,1993,13054.0314577269
TLA,1994,13517.3711604967
TLA,1995,13396.4986932028
TLA,1996,13704.1157785271
TLA,1997,14223.7229627084
TLA,1998,14413.6490756706
TLA,1999,14256.9607203277
TLA,2000,14549.3372608149
TLA,2001,14382.1387890536
TLA,2002,14257.7222031593
TLA,2003,14430.216561199
TLA,2004,15003.8237166523
TLA,2005,15420.2917523643
TLA,2006,16038.2861869901
TLA,2007,16696.6218868769
TLA,2008,17128.9043164926
TLA,2009,16550.9833188907
TLA,2010,17448.2598325074
TLA,2011,18055.3042757769
TLA,2012,18340.3089340631
TLA,2013,18676.7799220997
TLA,2014,18762.6257531749
TLA,2015,18670.717514529
TLA,2016,18455.8801433133
TLA,2017,18653.3433106036
TLA,2018,18808.0604001973
TLA,2019,18791.1714822657
TLA,2020,17418.680012511
TLA,2021,18609.1190317645
TLA,2022,19259.412041102
TLA,2023,19551.7411981811
TLA,2024,19845.1254630959
TLA,2025,20175.5982898323
TLS,1990,2143.79193647891
TLS,1991,2318.79425313685
TLS,1992,2493.90856413679
TLS,1993,2674.39919964976
TLS,1994,2786.67622050555
TLS,1995,2891.86458508557
TLS,1996,3038.23036830136
TLS,1997,3073.97036772628
TLS,1998,2931.48082007078
TLS,1999,2136.6494518776
TLS,2000,3783.78329545739
TLS,2001,4038.33571017769
TLS,2002,3480.9884722922
TLS,2003,3264.94647161828
TLS,2004,3234.97583674338
TLS,2005,3263.94446005573
TLS,2006,3038.9523176563
TLS,2007,3256.56980118129
TLS,2008,3530.88217479074
TLS,2009,3792.35831612987
TLS,2010,4047.24940614314
TLS,2011,4189.79978481015
TLS,2012,4297.91482449132
TLS,2013,4340.27839503511
TLS,2014,4445.35926887033
TLS,2015,4467.80007184896
TLS,2016,4515.422459894
TLS,2017,4290.02709296562
TLS,2018,4188.84099191337
TLS,2019,5103.14964292207
TLS,2020,6594.8817078452
TLS,2021,6825.0458085995
TLS,2022,5348.49182701353
TLS,2023,4331.07792560386
TLS,2024,3890.95754653453
TLS,2025,4109.9044785289
TMN,1990,6472.6383761248
TMN,1991,6320.9543964451
TMN,1992,6471.5959466368
TMN,1993,6409.12436035239
TMN,1994,6389.38430101237
TMN,1995,6437.87751082351
TMN,1996,6668.86543267253
TMN,1997,6740.03688747731
TMN,1998,6954.84271034817
TMN,1999,7086.45389810569
TMN,2000,7335.74567056542
TMN,2001,7393.68924291584
TMN,2002,7492.5839251724
TMN,2003,7503.40085813174
TMN,2004,7894.73920422743
TMN,2005,8089.64903827668
TMN,2006,8347.93200878985
TMN,2007,8653.73763157619
TMN,2008,8778.68857917021
TMN,2009,8855.99168481009
TMN,2010,9076.89041241803
TMN,2011,9010.52759049832
TMN,2012,9005.54949728912
TMN,2013,8926.7135503703
TMN,2014,9012.30780450401
TMN,2015,9059.41391427741
TMN,2016,9433.37331636818
TMN,2017,9580.54922221665
TMN,2018,9633.85835874122
TMN,2019,9646.79140996012
TMN,2020,9336.60440871316
TMN,2021,9544.65393425022
TMN,2022,9819.10765239761
TMN,2023,9934.12763020633
TMN,2024,10015.7953971077
TMN,2025,10056.4320194968
TON,1990,4488.39423743031
TON,1991,4766.99902463283
TON,1992,4772.94258546235
TON,1993,4947.35147939204
TON,1994,5189.10434041494
TON,1995,5509.04512310938
TON,1996,5511.41450656968
TON,1997,5456.60423424372
TON,1998,5542.39330688545
TON,1999,5633.44423786367
TON,2000,5809.00929738723
TON,2001,5860.83162290404
TON,2002,6085.89291010605
TON,2003,6054.65554234045
TON,2004,5901.21343135785
TON,2005,5829.1173260211
TON,2006,5671.64079163565
TON,2007,5507.35733894364
TON,2008,5759.30612501464
TON,2009,5454.57394388907
TON,2010,5489.45367019062
TON,2011,5848.19312009382
TON,2012,5908.02400699798
TON,2013,5952.45690447913
TON,2014,6097.65041861635
TON,2015,6195.43302733786
TON,2016,6639.98719699561
TON,2017,6863.54796430087
TON,2018,6885.98490469718
TON,2019,6859.71739851786
TON,2020,6981.30436453629
TON,2021,6930.06482518663
TON,2022,6811.48234641523
TON,2023,7031.32021704688
TON,2024,7180.98743332878
TON,2025,7412.86641968829
TSA,1990,2167.05307825032
TSA,1991,2153.67851336538
TSA,1992,2223.06499275144
TSA,1993,2281.98365680147
TSA,1994,2378.29855614022
TSA,1995,2498.68327723447
TSA,1996,2622.89612404834
TSA,1997,2679.99154602438
TSA,1998,2786.01550520478
TSA,1999,2957.79775686178
TSA,2000,3021.63279439044
TSA,2001,3103.92321367445
TSA,2002,3164.42111189042
TSA,2003,3343.17936577198
TSA,2004,3536.63492979436
TSA,2005,3748.35844477212
TSA,2006,3983.25023893144
TSA,2007,4222.24103901725
TSA,2008,4309.94806835076
TSA,2009,4566.50695762565
TSA,2010,4872.71064899734
TSA,2011,5069.45396503048
TSA,2012,5285.90684170559
TSA,2013,5548.16105526486
TSA,2014,5878.67479791218
TSA,2015,6259.31717310526
TSA,2016,6681.44601575684
TSA,2017,7055.83469512198
TSA,2018,7430.46384287571
TSA,2019,7660.41899011306
TSA,2020,7215.20736191888
TSA,2021,7815.21278442871
TSA,2022,8308.38014181846
TSA,2023,8796.72942063676
TSA,2024,9307.06752508413
TSA,2025,9880.35624819064
TSS,1990,3778.06278298322
TSS,1991,3695.49669475325
TSS,1992,3588.38052775321
TSS,1993,3448.82105754797
TSS,1994,3384.95251744949
TSS,1995,3402.78267461483
TSS,1996,3484.76695002218
TSS,1997,3533.19594417371
TSS,1998,3531.51838340967
TSS,1999,3511.45394031025
TSS,2000,3536.74164552249
TSS,2001,3594.49268935584
TSS,2002,3734.54815647759
TSS,2003,3789.70221048341
TSS,2004,3941.14291024738
TSS,2005,4067.54686495063
TSS,2006,4198.85922825456
TSS,2007,4337.79844704611
TSS,2008,4445.5273501557
TSS,2009,4479.1406301998
TSS,2010,4632.84408191438
TSS,2011,4713.42233131106
TSS,2012,4775.8739329678
TSS,2013,4896.32543067071
TSS,2014,5002.96695140382
TSS,2015,5019.95019038994
TSS,2016,4956.58486807326
TSS,2017,4953.2648572016
TSS,2018,4963.20882492551
TSS,2019,4962.55290682237
TSS,2020,4677.92219768928
TSS,2021,4720.48407808675
TSS,2022,4795.24715624599
TSS,2023,4809.48422824725
TSS,2024,4872.91556737875
TSS,2025,4963.3760177896
TTO,1990,11869.5287266317
TTO,1991,12142.348150297
TTO,1992,13267.9770581707
TTO,1993,13088.7073855168
TTO,1994,13472.7464155031
TTO,1995,13912.3133299045
TTO,1996,14838.9026529676
TTO,1997,15895.2438763164
TTO,1998,17129.0911444686
TTO,1999,18440.5741312908
TTO,2000,19637.5545410721
TTO,2001,20366.753132212
TTO,2002,21876.8529070403
TTO,2003,24910.823196152
TTO,2004,26757.9075601429
TTO,2005,29536.4394101096
TTO,2006,33348.7507470886
TTO,2007,34793.6457521105
TTO,2008,35825.3333456362
TTO,2009,34212.2683057008
TTO,2010,35145.1253639062
TTO,2011,34769.7620251376
TTO,2012,36903.6898574094
TTO,2013,37994.0686480473
TTO,2014,39248.6570516023
TTO,2015,38963.9641783011
TTO,2016,35914.9901970983
TTO,2017,34095.9899256152
TTO,2018,33710.0178540008
TTO,2019,33748.7060849924
TTO,2020,30720.8876936042
TTO,2021,30482.1201798631
TTO,2022,30784.1112580356
TTO,2023,31196.603554718
TTO,2024,31960.1568888983
TTO,2025,31721.5757411236
TUN,1990,6742.58426420551
TUN,1991,6859.73427153777
TUN,1992,7241.29105894738
TUN,1993,7253.33614579881
TUN,1994,7350.65600471494
TUN,1995,7406.23900930842
TUN,1996,7821.79219107359
TUN,1997,8136.3376111408
TUN,1998,8417.98493264685
TUN,1999,8821.98791288257
TUN,2000,9134.41506327005
TUN,2001,9380.56317617024
TUN,2002,9407.55676671593
TUN,2003,9752.02442335824
TUN,2004,10263.8055422408
TUN,2005,10529.1598956845
TUN,2006,10983.9221903991
TUN,2007,11613.9247511428
TUN,2008,11990.1962371716
TUN,2009,12229.7752536693
TUN,2010,12458.2710366551
TUN,2011,12068.7136257667
TUN,2012,12436.3958115735
TUN,2013,12587.9950645596
TUN,2014,12824.0028914441
TUN,2015,12802.7917211433
TUN,2016,12803.8797371543
TUN,2017,12955.4014814241
TUN,2018,13163.1952230357
TUN,2019,13243.9024233246
TUN,2020,11955.5983698479
TUN,2021,12444.3264026887
TUN,2022,12712.22345453
TUN,2023,12650.9615158166
TUN,2024,12774.9158568021
TUN,2025,13017.6340422977
TUR,1990,12184.1995945303
TUR,1991,12057.9354364382
TUR,1992,12451.0451197948
TUR,1993,13174.467116412
TUR,1994,12343.0041848988
TUR,1995,13099.2575267612
TUR,1996,13826.9201097072
TUR,1997,14631.2958814739
TUR,1998,14704.3385744207
TUR,1999,14066.1896257233
TUR,2000,14856.914625257
TUR,2001,13872.1287284566
TUR,2002,14587.894621656
TUR,2003,15255.7177960689
TUR,2004,16583.8837094062
TUR,2005,17902.5966004487
TUR,2006,18972.0089563632
TUR,2007,19909.083519675
TUR,2008,19839.5845462269
TUR,2009,18612.1925231905
TUR,2010,19897.4464836887
TUR,2011,21760.4291923634
TUR,2012,22517.7148287875
TUR,2013,24117.3121099839
TUR,2014,24888.8521742576
TUR,2015,25984.8027306177
TUR,2016,26489.6436816046
TUR,2017,28194.688309381
TUR,2018,28780.3036458151
TUR,2019,28741.0535082701
TUR,2020,28976.7179161611
TUR,2021,32105.5474400506
TUR,2022,33520.8111384208
TUR,2023,35069.1701714685
TUR,2024,36154.490436557
TUR,2025,37300.7485739354
TUV,1990,3120.28113184545
TUV,1991,3185.82377909019
TUV,1992,3234.81421654899
TUV,1993,3335.31685728064
TUV,1994,3645.93964662586
TUV,1995,3436.23529578401
TUV,1996,3209.94284061686
TUV,1997,3509.25585463937
TUV,1998,4031.35916663613
TUV,1999,3949.50872239411
TUV,2000,3893.29676614411
TUV,2001,3903.20310133161
TUV,2002,4211.58993214321
TUV,2003,3998.4360743816
TUV,2004,3874.58266822844
TUV,2005,3682.89175926232
TUV,2006,3687.77123312778
TUV,2007,3893.64259975408
TUV,2008,4093.92473951632
TUV,2009,3812.13929570827
TUV,2010,3664.45034598789
TUV,2011,3879.3490996995
TUV,2012,3715.60046956613
TUV,2013,3833.48955456181
TUV,2014,3903.4345149878
TUV,2015,4277.7146690273
TUV,2016,4495.57215692486
TUV,2017,4668.54376684727
TUV,2018,4785.23289965077
TUV,2019,5515.89953720794
TUV,2020,5442.36321121293
TUV,2021,5551.80841999248
TUV,2022,5044.53984578911
TUV,2023,5315.16301028104
TUV,2024,5592.18723602659
TUV,2025,5776.07849384845
TZA,1990,1794.20458984375
TZA,1991,1785.66394042969
TZA,1992,1751.91845703125
TZA,1993,1718.39306640625
TZA,1994,1679.66235351563
TZA,1995,1685.85107421875
TZA,1996,1730.55456542969
TZA,1997,1755.8037109375
TZA,1998,1773.72424316406
TZA,1999,1810.97155761719
TZA,2000,1839.93664550781
TZA,2001,1899.74536132813
TZA,2002,1982.64428710938
TZA,2003,2059.83740234375
TZA,2004,2155.24145507813
TZA,2005,2253.09326171875
TZA,2006,2334.1044921875
TZA,2007,2423.61596679688
TZA,2008,2493.25927734375
TZA,2009,2560.81103515625
TZA,2010,2654.80346679688
TZA,2011,2779.70776367188
TZA,2012,2822.4853515625
TZA,2013,2924.86328125
TZA,2014,3027.56909179688
TZA,2015,3111.44458007813
TZA,2016,3214.24682617188
TZA,2017,3318.28833007813
TZA,2018,3392.68872070313
TZA,2019,3484.63256835938
TZA,2020,3449.82153320313
TZA,2021,3493.0830078125
TZA,2022,3546.98095703125
TZA,2023,3620.79345703125
TZA,2024,3713.26293945313
TZA,2025,3820.61181640625
UGA,1990,1080.03830980398
UGA,1991,1103.22897278835
UGA,1992,1102.72992145701
UGA,1993,1153.99369070318
UGA,1994,1187.36780541734
UGA,1995,1288.50886674348
UGA,1996,1367.94573764936
UGA,1997,1396.63106915218
UGA,1998,1422.20789184705
UGA,1999,1487.75796178874
UGA,2000,1487.00498853512
UGA,2001,1516.96423755695
UGA,2002,1598.5828380849
UGA,2003,1649.1482601448
UGA,2004,1709.36159216857
UGA,2005,1765.03788457066
UGA,2006,1898.97915280479
UGA,2007,1999.0624896434
UGA,2008,2110.10049271503
UGA,2009,2188.29916246327
UGA,2010,2244.60595194584
UGA,2011,2384.4653273154
UGA,2012,2405.09455932767
UGA,2013,2420.88808087266
UGA,2014,2470.50380909598
UGA,2015,2520.0201028843
UGA,2016,2554.22769062073
UGA,2017,2543.84754394956
UGA,2018,2613.87976413963
UGA,2019,2689.41009144919
UGA,2020,2678.00907202293
UGA,2021,2684.92035939744
UGA,2022,2724.90609568409
UGA,2023,2791.05576885861
UGA,2024,2879.67009290376
UGA,2025,2980.37942135501
UKR,1990,22815.798828125
UKR,1991,20784.16015625
UKR,1992,18671.873046875
UKR,1993,16012.3720703125
UKR,1994,12410.525390625
UKR,1995,10983.0087890625
UKR,1996,9969.5009765625
UKR,1997,9754.0498046875
UKR,1998,9646.0546875
UKR,1999,9704.4453125
UKR,2000,10364.0625
UKR,2001,11379.3857421875
UKR,2002,12092.7890625
UKR,2003,13342.8798828125
UKR,2004,15021.06640625
UKR,2005,15610.5732421875
UKR,2006,16901.5078125
UKR,2007,18374.013671875
UKR,2008,18883.986328125
UKR,2009,16092.7958984375
UKR,2010,16811.794921875
UKR,2011,17783.95703125
UKR,2012,17848.740234375
UKR,2013,17889.091796875
UKR,2014,16978.8125
UKR,2015,15403.7099609375
UKR,2016,15856.8125
UKR,2017,16310.3603515625
UKR,2018,16978.984375
UKR,2019,17636.5546875
UKR,2020,17092.5390625
UKR,2021,17846.408203125
UKR,2022,13787.12109375
UKR,2023,15916.9580078125
UKR,2024,16371.44140625
UKR,2025,16155.0732421875
URY,1990,14060.8401531053
URY,1991,14474.7272308128
URY,1992,15536.4813275187
URY,1993,15865.2715092002
URY,1994,16932.0220449735
URY,1995,16600.0329041954
URY,1996,17433.6866851628
URY,1997,18823.934790748
URY,1998,19577.7825547632
URY,1999,19192.7103025817
URY,2000,18752.0507121938
URY,2001,17986.8939502115
URY,2002,16572.7819019325
URY,2003,16694.4326030244
URY,2004,17519.3729926744
URY,2005,18811.3124755641
URY,2006,19560.0743506382
URY,2007,20803.885306175
URY,2008,22249.3750934425
URY,2009,23138.0733091496
URY,2010,24879.8256003219
URY,2011,26099.3116487704
URY,2012,26953.2709026389
URY,2013,28119.4726887432
URY,2014,28935.086486757
URY,2015,28941.6184540581
URY,2016,29332.5561568815
URY,2017,29762.4220666605
URY,2018,29757.9276055415
URY,2019,30010.5628834294
URY,2020,27788.1749600196
URY,2021,29431.8738833361
URY,2022,30840.0709827676
URY,2023,31100.9696889882
URY,2024,32149.480073986
URY,2025,32741.6246877908
USA,1990,44384.2101912606
USA,1991,43747.6307351749
USA,1992,44664.873585596
USA,1993,45292.7380683092
USA,1994,46543.3199204553
USA,1995,47227.0083257008
USA,1996,48441.9061125568
USA,1997,49990.6740739125
USA,1998,51626.4838297863
USA,1999,53480.8969962416
USA,2000,55045.6745311559
USA,2001,55024.3542766281
USA,2002,55443.2199435683
USA,2003,56505.4468784112
USA,2004,58139.0820195229
USA,2005,59612.3907215559
USA,2006,60684.3399832539
USA,2007,61314.4520816367
USA,2008,60806.2238713713
USA,2009,58722.496767251
USA,2010,59797.0736545937
USA,2011,60253.2035796719
USA,2012,61142.3637034265
USA,2013,61966.6621370894
USA,2014,63026.8779187814
USA,2015,64367.7188912582
USA,2016,65025.9855980616
USA,2017,66164.0320014289
USA,2018,67728.4424921024
USA,2019,69121.4580016741
USA,2020,67406.8311325507
USA,2021,71441.231980595
USA,2022,72828.7430907189
USA,2023,74351.6718197429
USA,2024,75698.1773354629
USA,2025,76931.3106990408
UZB,1990,4239.58649108779
UZB,1991,4118.51585848122
UZB,1992,3568.35538610457
UZB,1993,3406.55184062183
UZB,1994,3161.07497053576
UZB,1995,3070.52690445141
UZB,1996,3064.63712278537
UZB,1997,3168.77278928055
UZB,1998,3253.54493589925
UZB,1999,3346.1588710371
UZB,2000,3430.88370808896
UZB,2001,3530.5496647712
UZB,2002,3626.07785614929
UZB,2003,3733.79819347394
UZB,2004,3962.90117061128
UZB,2005,4185.63947675734
UZB,2006,4439.90667205623
UZB,2007,4792.8290951141
UZB,2008,5145.99183378479
UZB,2009,5471.82013683888
UZB,2010,5794.98037704358
UZB,2011,6170.84149747534
UZB,2012,6525.4971525889
UZB,2013,6932.93371228586
UZB,2014,7344.44304405623
UZB,2015,7792.23605983713
UZB,2016,8172.9216949615
UZB,2017,8413.29975299494
UZB,2018,8742.5491991216
UZB,2019,9169.01147508351
UZB,2020,9145.23119844239
UZB,2021,9705.60054565692
UZB,2022,10091.3877869999
UZB,2023,10514.0955721447
UZB,2024,10997.1707291644
UZB,2025,11622.8556243531
VCT,1990,7467.37874657239
VCT,1991,7524.58477815963
VCT,1992,7984.07959662088
VCT,1993,8306.77527139188
VCT,1994,8189.84362711098
VCT,1995,8815.84871825748
VCT,1996,8923.70555514296
VCT,1997,9234.69888368764
VCT,1998,9609.10378620502
VCT,1999,9853.34736551962
VCT,2000,9999.05879203685
VCT,2001,10177.8094583896
VCT,2002,10736.0878714164
VCT,2003,11475.3312414531
VCT,2004,11979.907294501
VCT,2005,12320.0710011077
VCT,2006,13233.4068930431
VCT,2007,13732.3622591495
VCT,2008,13850.3936790063
VCT,2009,13723.7838252622
VCT,2010,13175.7230154228
VCT,2011,13168.8964291743
VCT,2012,13397.9632982701
VCT,2013,13804.1837951887
VCT,2014,14040.2460690452
VCT,2015,14508.8609465459
VCT,2016,15197.7482513352
VCT,2017,15533.2212821544
VCT,2018,16139.0661084965
VCT,2019,16365.3255785124
VCT,2020,15763.7054382539
VCT,2021,16200.8994597845
VCT,2022,16835.023514541
VCT,2023,17858.2446468702
VCT,2024,18714.198849353
VCT,2025,19483.0127638994
VIR,2002,54299.2298699394
VIR,2003,54086.1547945673
VIR,2004,55883.4545510864
VIR,2005,57838.0977142823
VIR,2006,59911.7224453162
VIR,2007,62332.9445371347
VIR,2008,63057.6263123638
VIR,2009,58895.3056899496
VIR,2010,59272.2456856343
VIR,2011,54443.0686942498
VIR,2012,46422.4151236223
VIR,2013,43563.8864931407
VIR,2014,42853.8986599185
VIR,2015,42739.0835022993
VIR,2016,43502.4336941564
VIR,2017,43277.1546523522
VIR,2018,44205.4071324394
VIR,2019,45632.6364715693
VIR,2020,45055.7829303523
VIR,2021,46893.5496988741
VIR,2022,46479.2996685326
VNM,1990,2467.96460080463
VNM,1991,2560.84383496164
VNM,1992,2726.47373748487
VNM,1993,2890.42431737761
VNM,1994,3089.60933725631
VNM,1995,3328.21486039558
VNM,1996,3584.02898335147
VNM,1997,3820.30249485434
VNM,1998,3982.95805965603
VNM,1999,4119.05367208231
VNM,2000,4349.22348751462
VNM,2001,4570.26846577385
VNM,2002,4809.62151118535
VNM,2003,5090.28990869885
VNM,2004,5421.09702829121
VNM,2005,5776.36304451268
VNM,2006,6098.24495436514
VNM,2007,6418.54381402878
VNM,2008,6659.13561432065
VNM,2009,6914.33863589545
VNM,2010,7274.73310698016
VNM,2011,7652.61895672271
VNM,2012,7979.86828926858
VNM,2013,8324.19871250047
VNM,2014,8751.88280634375
VNM,2015,9248.02396069622
VNM,2016,9743.1882231455
VNM,2017,10290.5487142244
VNM,2018,10936.8937859558
VNM,2019,11628.6139147451
VNM,2020,11851.3965685649
VNM,2021,12048.9019935536
VNM,2022,12979.7638983711
VNM,2023,13534.7997843016
VNM,2024,14396.4217369473
VNM,2025,15457.3499403547
VUT,1990,3531.78750465932
VUT,1991,3553.43728930775
VUT,1992,3555.93728844228
VUT,1993,3495.49275262507
VUT,1994,3723.02443587912
VUT,1995,3674.38819393103
VUT,1996,3676.87858931689
VUT,1997,3775.23587307653
VUT,1998,3740.68521654671
VUT,1999,3676.29741602127
VUT,2000,3805.62227309353
VUT,2001,3584.91106983816
VUT,2002,3314.71255206905
VUT,2003,3372.77297249271
VUT,2004,3422.60817759375
VUT,2005,3517.84619857461
VUT,2006,3724.24741699945
VUT,2007,3738.66656241804
VUT,2008,3850.27902468628
VUT,2009,3867.75799280135
VUT,2010,3825.75653571613
VUT,2011,3861.18223002309
VUT,2012,3815.41895246816
VUT,2013,3748.76509025679
VUT,2014,3779.64941165998
VUT,2015,3825.81231400229
VUT,2016,3877.08354643548
VUT,2017,3947.67824193203
VUT,2018,3951.18453122592
VUT,2019,3986.65620021472
VUT,2020,3671.97390565303
VUT,2021,3546.08021896872
VUT,2022,3658.51871182046
VUT,2023,3782.82649029418
VUT,2024,3837.03937446048
VUT,2025,3866.99814901674
WLD,1990,11275.1339775825
WLD,1991,11183.4106923389
WLD,1992,11147.557598
WLD,1993,11138.3321858645
WLD,1994,11264.7778299107
WLD,1995,11442.8041494803
WLD,1996,11691.7078594973
WLD,1997,11979.7237951368
WLD,1998,12098.403188088
WLD,1999,12360.7433274205
WLD,2000,12780.6381391491
WLD,2001,12915.0553238791
WLD,2002,13104.3468043873
WLD,2003,13410.5978266564
WLD,2004,13921.3400955101
WLD,2005,14377.2053638343
WLD,2006,14934.6932991325
WLD,2007,15519.537511648
WLD,2008,15756.1973918277
WLD,2009,15456.5925081159
WLD,2010,16050.8528459331
WLD,2011,16478.6508721961
WLD,2012,16785.0538810187
WLD,2013,17121.7231789375
WLD,2014,17502.7804590175
WLD,2015,17870.9797405245
WLD,2016,18234.0187668301
WLD,2017,18714.5736777743
WLD,2018,19189.4922263446
WLD,2019,19551.0853720052
WLD,2020,18812.4921846351
WLD,2021,19875.5669160609
WLD,2022,20421.733679962
WLD,2023,20894.8663747649
WLD,2024,21393.1843594226
WLD,2025,21913.5094934531
WSM,1990,3991.43806561639
WSM,1991,3892.12846832793
WSM,1992,3862.38380056991
WSM,1993,3986.96465991694
WSM,1994,3854.53321958721
WSM,1995,4078.51336477469
WSM,1996,4334.06811985266
WSM,1997,4325.69239692206
WSM,1998,4387.08119898787
WSM,1999,4448.88973694004
WSM,2000,4639.18880250252
WSM,2001,4941.74832450316
WSM,2002,5184.11871218152
WSM,2003,5426.13899111084
WSM,2004,5569.06081180669
WSM,2005,5915.6475736791
WSM,2006,6018.2480546697
WSM,2007,6014.046762066
WSM,2008,6183.55546849942
WSM,2009,6104.90962936041
WSM,2010,6428.13508590333
WSM,2011,6617.61889509588
WSM,2012,6312.76944621145
WSM,2013,6263.12610411359
WSM,2014,6248.70534550413
WSM,2015,6433.1839621351
WSM,2016,6888.18769751001
WSM,2017,6919.90225366914
WSM,2018,6805.91709392797
WSM,2019,7034.42233036815
WSM,2020,6746.15667963109
WSM,2021,6350.92787033711
WSM,2022,6450.19151677842
WSM,2023,7384.69163688613
WSM,2024,7687.23425552485
WSM,2025,7963.42749052153
XKX,2008,7098.40301909042
XKX,2009,7481.45889832785
XKX,2010,7877.10199850556
XKX,2011,8359.93621479336
XKX,2012,8431.66232694657
XKX,2013,8828.27683251638
XKX,2014,9150.74997293883
XKX,2015,9824.99105955319
XKX,2016,10434.8888259268
XKX,2017,10856.2902074239
XKX,2018,11188.2244627966
XKX,2019,11774.1178510908
XKX,2020,11137.5028560404
XKX,2021,12362.4210181213
XKX,2022,13022.4627441502
XKX,2023,14240.2030320365
XKX,2024,15716.2925564586
XKX,2025,16461.2943631188
ZAF,1990,10811.1515328296
ZAF,1991,10459.3559818564
ZAF,1992,10053.6101212292
ZAF,1993,9976.96506458374
ZAF,1994,10130.8058233004
ZAF,1995,10318.8385984353
ZAF,1996,10623.8603593151
ZAF,1997,10770.2779624828
ZAF,1998,10693.6882326622
ZAF,1999,10831.6589617949
ZAF,2000,11183.825503143
ZAF,2001,11387.492366782
ZAF,2002,11697.5657261687
ZAF,2003,11923.1211013633
ZAF,2004,12341.2102655828
ZAF,2005,12861.5633089114
ZAF,2006,13444.2332126058
ZAF,2007,14016.2444716386
ZAF,2008,14297.6887802632
ZAF,2009,13910.7017093394
ZAF,2010,14164.9958363115
ZAF,2011,14434.2611456048
ZAF,2012,14563.7624041032
ZAF,2013,14681.096638957
ZAF,2014,14643.3384782936
ZAF,2015,14541.6748613669
ZAF,2016,14501.2807823402
ZAF,2017,14573.5980840004
ZAF,2018,14553.5615668957
ZAF,2019,14352.6698709871
ZAF,2020,13250.5666594456
ZAF,2021,13681.9548144813
ZAF,2022,13767.4967589936
ZAF,2023,13695.3755694076
ZAF,2024,13597.6538495998
ZAF,2025,13592.0484020929
ZMB,1990,2425.11128678382
ZMB,1991,2364.86234039956
ZMB,1992,2268.49812195378
ZMB,1993,2365.62953630778
ZMB,1994,2110.5832556481
ZMB,1995,2119.95642928697
ZMB,1996,2197.19564925242
ZMB,1997,2223.45745445731
ZMB,1998,2157.57339335667
ZMB,1999,2198.18912998648
ZMB,2000,2220.5653712714
ZMB,2001,2268.96965564597
ZMB,2002,2299.33289188114
ZMB,2003,2383.87611741089
ZMB,2004,2471.72073328685
ZMB,2005,2564.47560965912
ZMB,2006,2673.46151928529
ZMB,2007,2796.3529332184
ZMB,2008,2908.14362510668
ZMB,2009,3065.84420108998
ZMB,2010,3266.50749293828
ZMB,2011,3335.64339500657
ZMB,2012,3474.55252844092
ZMB,2013,3535.22449043144
ZMB,2014,3585.57748507131
ZMB,2015,3576.92544834125
ZMB,2016,3598.17166023389
ZMB,2017,3612.50597664593
ZMB,2018,3646.95966481655
ZMB,2019,3591.56418883108
ZMB,2020,3391.59541156095
ZMB,2021,3503.03491418372
ZMB,2022,3585.12379084347
ZMB,2023,3673.4841969922
ZMB,2024,3708.06904295647
ZMB,2025,3742.25646316492
ZWE,1990,6082.86879817619
ZWE,1991,6254.30182489626
ZWE,1992,5532.06136491672
ZWE,1993,5509.10697460818
ZWE,1994,6010.76845239051
ZWE,1995,5964.61521548597
ZWE,1996,6474.18822514185
ZWE,1997,6524.0909161522
ZWE,1998,6582.37693012492
ZWE,1999,6423.73669198371
ZWE,2000,6170.36063450551
ZWE,2001,6217.43872434863
ZWE,2002,5610.21576859697
ZWE,2003,4601.68067845787
ZWE,2004,4287.61686326352
ZWE,2005,4004.68178301248
ZWE,2006,3819.24997116607
ZWE,2007,3631.55334530411
ZWE,2008,2954.11211916469
ZWE,2009,3299.42808702922
ZWE,2010,3885.41061373756
ZWE,2011,4358.94470674386
ZWE,2012,5003.50873397069
ZWE,2013,5031.70923825425
ZWE,2014,5081.13441232186
ZWE,2015,5102.73642537223
ZWE,2016,5070.42413209981
ZWE,2017,5234.4065377844
ZWE,2018,5415.49322028193
ZWE,2019,4993.86546928208
ZWE,2020,4527.73949219254
ZWE,2021,4827.10960165994
ZWE,2022,5036.78317732239
ZWE,2023,5218.04526596398
ZWE,2024,5211.89755587954
ZWE,2025,5529.23310016154
